arm,repeat,job_id,label,algorithm,threads,iteration,start_offset,window_seconds,start_epoch_ms,start_since_arm_ms,wall_ms,time_seconds,mops_total,total_threads,avail_threads,overran_window,pid,exit_code
drm,1,1,J01_ft,ft,32,1,0.0,48.123,1788485109385,3,4683,4.24,93434.76,32,32,false,75644,0
drm,1,1,J01_ft,ft,32,2,0.0,48.123,1788485114570,5188,10083,9.31,42569.87,10,32,false,75678,0
drm,1,1,J01_ft,ft,32,3,0.0,48.123,1788485125155,15772,26161,23.91,16580.68,8,32,false,75820,0
drm,1,1,J01_ft,ft,32,4,0.0,48.123,1788485151817,42435,24865,21.42,18502.09,8,32,true,76044,0
drm,1,2,J02_ep,ep,32,1,8.999,77.355,1788485118382,8999,19352,19.21,447.16,10,32,false,75719,0
drm,1,2,J02_ep,ep,32,2,8.999,77.355,1788485138235,28853,51307,51.19,167.8,5,32,false,75921,0
drm,1,2,J02_ep,ep,32,3,8.999,77.355,1788485190043,80661,17294,17.18,499.86,8,32,true,76228,0
drm,1,3,J03_ft,ft,32,1,13.099,54.571,1788485122482,13099,21806,19.87,19952.19,8,32,false,75752,0
drm,1,3,J03_ft,ft,32,2,13.099,54.571,1788485144789,35407,21854,18.62,21285.16,8,32,false,75956,0
drm,1,3,J03_ft,ft,32,3,13.099,54.571,1788485167145,57762,18300,15.83,25039.45,10,32,true,76112,0
drm,1,4,J04_cg,cg,32,1,13.773,47.096,1788485123156,13773,23206,21.46,6681.28,6,32,false,75785,0
drm,1,4,J04_cg,cg,32,2,13.773,47.096,1788485146863,37481,20850,18.39,7796.93,6,32,false,75991,0
drm,1,4,J04_cg,cg,32,3,13.773,47.096,1788485168214,58832,20248,17.97,7975.11,10,32,true,76145,0
drm,1,5,J05_cg,cg,32,1,19.698,87.101,1788485129081,19698,29012,26.55,5399.37,8,32,false,75853,0
drm,1,5,J05_cg,cg,32,2,19.698,87.101,1788485158595,49212,20799,18.88,7593.83,8,32,false,76079,0
drm,1,5,J05_cg,cg,32,3,19.698,87.101,1788485179895,70513,17193,15.69,9137.83,32,32,false,76192,0
drm,1,5,J05_cg,cg,32,4,19.698,87.101,1788485197590,88207,11034,10.07,14236.28,16,32,false,76263,0
drm,1,5,J05_cg,cg,32,5,19.698,87.101,1788485209125,99742,5675,4.94,29038.46,32,32,false,76318,0
drm,1,5,J05_cg,cg,32,6,19.698,87.101,1788485215301,105919,4323,3.79,37777.28,32,32,true,76354,0
drm,1,6,J06_ep,ep,32,1,21.026,44.272,1788485130409,21026,48252,48.1,178.59,6,32,true,75886,0
nodrm,1,1,J01_ft,ft,32,1,0.0,48.123,1788485229637,5,4578,4.24,93516.65,32,32,false,76395,0
nodrm,1,1,J01_ft,ft,32,2,0.0,48.123,1788485234715,5083,5576,5.21,76138.76,32,32,false,76428,0
nodrm,1,1,J01_ft,ft,32,3,0.0,48.123,1788485240792,11160,24257,23.45,16904.96,32,32,false,76500,0
nodrm,1,1,J01_ft,ft,32,4,0.0,48.123,1788485265550,35918,27611,25.74,15402.07,32,32,true,76696,0
nodrm,1,2,J02_ep,ep,32,1,8.999,77.355,1788485238631,8999,9736,9.55,899.39,32,32,false,76468,0
nodrm,1,2,J02_ep,ep,32,2,8.999,77.355,1788485248868,19236,25107,24.95,344.26,32,32,false,76598,0
nodrm,1,2,J02_ep,ep,32,3,8.999,77.355,1788485274476,44844,22402,22.18,387.31,32,32,false,76817,0
nodrm,1,2,J02_ep,ep,32,4,8.999,77.355,1788485297379,67747,17896,17.74,484.32,32,32,false,76886,0
nodrm,1,2,J02_ep,ep,32,5,8.999,77.355,1788485315776,86144,11285,11.17,769.08,32,32,true,76929,0
nodrm,1,3,J03_ft,ft,32,1,13.099,54.571,1788485242731,13099,24959,23.81,16649.98,32,32,false,76532,0
nodrm,1,3,J03_ft,ft,32,2,13.099,54.571,1788485268191,38559,26862,24.85,15949.65,32,32,false,76728,0
nodrm,1,3,J03_ft,ft,32,3,13.099,54.571,1788485295554,65922,19599,18.43,21507.02,32,32,true,76854,0
nodrm,1,4,J04_cg,cg,32,1,13.773,47.096,1788485243405,13773,84559,80.69,1776.42,32,32,true,76564,0
nodrm,1,5,J05_cg,cg,32,1,19.698,87.101,1788485249330,19698,78393,73.85,1940.95,32,32,false,76630,0
nodrm,1,5,J05_cg,cg,32,2,19.698,87.101,1788485328225,98593,4073,3.58,40060.72,32,32,false,76964,0
nodrm,1,5,J05_cg,cg,32,3,19.698,87.101,1788485332800,103168,4223,3.7,38767.78,32,32,true,77013,0
nodrm,1,6,J06_ep,ep,32,1,21.026,44.272,1788485250658,21026,21603,21.39,401.62,32,32,false,76662,0
nodrm,1,6,J06_ep,ep,32,2,21.026,44.272,1788485272763,43131,22803,22.63,379.61,32,32,true,76783,0
nodrm,2,1,J01_ft,ft,32,1,0.0,48.123,1788485347033,4,4578,4.22,93976.28,32,32,false,77061,0
nodrm,2,1,J01_ft,ft,32,2,0.0,48.123,1788485352112,5084,5526,5.14,77094.24,32,32,false,77099,0
nodrm,2,1,J01_ft,ft,32,3,0.0,48.123,1788485358139,11111,22304,21.55,18396.26,32,32,false,77165,0
nodrm,2,1,J01_ft,ft,32,4,0.0,48.123,1788485380944,33916,28362,26.33,15053.46,32,32,true,77373,0
nodrm,2,2,J02_ep,ep,32,1,8.999,77.355,1788485356028,8999,10287,10.12,849.01,32,32,false,77133,0
nodrm,2,2,J02_ep,ep,32,2,8.999,77.355,1788485366816,19788,23154,22.98,373.74,32,32,false,77307,0
nodrm,2,2,J02_ep,ep,32,3,8.999,77.355,1788485390471,43443,21654,21.48,399.9,32,32,false,77507,0
nodrm,2,2,J02_ep,ep,32,4,8.999,77.355,1788485412626,65597,17747,17.55,489.53,32,32,false,77626,0
nodrm,2,2,J02_ep,ep,32,5,8.999,77.355,1788485430873,83845,11283,11.17,769.08,32,32,true,77670,0
nodrm,2,3,J03_ft,ft,32,1,13.099,54.571,1788485360127,13099,24707,23.5,16864.66,32,32,false,77209,0
nodrm,2,3,J03_ft,ft,32,2,13.099,54.571,1788485385335,38307,24956,23.11,17152.11,32,32,false,77405,0
nodrm,2,3,J03_ft,ft,32,3,13.099,54.571,1788485410792,63764,19948,18.2,21779.37,32,32,true,77594,0
nodrm,2,4,J04_cg,cg,32,1,13.773,47.096,1788485360802,13773,84259,79.81,1796.21,32,32,true,77241,0
nodrm,2,5,J05_cg,cg,32,1,19.698,87.101,1788485366726,19698,78239,73.92,1939.33,32,32,false,77275,0
nodrm,2,5,J05_cg,cg,32,2,19.698,87.101,1788485445467,98439,4373,3.87,37059.05,32,32,false,77704,0
nodrm,2,5,J05_cg,cg,32,3,19.698,87.101,1788485450341,103313,4122,3.62,39545.13,32,32,true,77756,0
nodrm,2,6,J06_ep,ep,32,1,21.026,44.272,1788485368055,21026,22956,22.76,377.42,32,32,false,77339,0
nodrm,2,6,J06_ep,ep,32,2,21.026,44.272,1788485391512,44484,22152,22.01,390.24,32,32,true,77539,0
drm,2,1,J01_ft,ft,32,1,0.0,48.123,1788485464531,3,4579,4.25,93305.71,32,32,false,77814,0
drm,2,1,J01_ft,ft,32,2,0.0,48.123,1788485469612,5084,9532,8.86,44745.3,10,32,false,77849,0
drm,2,1,J01_ft,ft,32,3,0.0,48.123,1788485479646,15118,24658,22.77,17411.52,6,32,false,77995,0
drm,2,1,J01_ft,ft,32,4,0.0,48.123,1788485504805,40277,25160,22.33,17755.24,8,32,true,78200,0
drm,2,2,J02_ep,ep,32,1,8.999,77.355,1788485473528,8999,18499,18.4,466.79,10,32,false,77885,0
drm,2,2,J02_ep,ep,32,2,8.999,77.355,1788485492528,28000,49051,48.91,175.64,5,32,false,78096,0
drm,2,2,J02_ep,ep,32,3,8.999,77.355,1788485542081,77552,22904,22.79,376.86,6,32,true,78405,0
drm,2,3,J03_ft,ft,32,1,13.099,54.571,1788485477627,13099,22608,20.71,19141.62,8,32,false,77921,0
drm,2,3,J03_ft,ft,32,2,13.099,54.571,1788485500737,36209,19000,16.83,23553.98,8,32,false,78133,0
drm,2,3,J03_ft,ft,32,3,13.099,54.571,1788485520239,55710,19701,17.04,23256.4,10,32,true,78290,0
drm,2,4,J04_cg,cg,32,1,13.773,47.096,1788485478301,13773,22357,20.51,6989.2,8,32,false,77962,0
drm,2,4,J04_cg,cg,32,2,13.773,47.096,1788485501160,36632,19752,17.6,8145.88,6,32,false,78166,0
drm,2,4,J04_cg,cg,32,3,13.773,47.096,1788485521413,56885,25111,23.18,6182.84,8,32,true,78324,0
drm,2,5,J05_cg,cg,32,1,19.698,87.101,1788485484226,19698,29313,27.25,5260.66,8,32,false,78028,0
drm,2,5,J05_cg,cg,32,2,19.698,87.101,1788485514041,49513,22652,20.5,6993.45,8,32,false,78253,0
drm,2,5,J05_cg,cg,32,3,19.698,87.101,1788485537194,72666,15591,14.19,10102.86,32,32,false,78360,0
drm,2,5,J05_cg,cg,32,4,19.698,87.101,1788485553287,88758,11684,10.83,13242.04,16,32,false,78441,0
drm,2,5,J05_cg,cg,32,5,19.698,87.101,1788485565472,100944,6126,5.42,26449.42,32,32,true,78483,0
drm,2,6,J06_ep,ep,32,1,21.026,44.272,1788485485554,21026,47748,47.61,180.42,6,32,true,78063,0
drm,3,1,J01_ft,ft,32,1,0.0,48.123,1788485581667,3,4629,4.28,92546.23,32,32,false,78543,0
drm,3,1,J01_ft,ft,32,2,0.0,48.123,1788485586797,5133,10083,9.28,42711.39,10,32,false,78576,0
drm,3,1,J01_ft,ft,32,3,0.0,48.123,1788485597382,15718,25409,23.4,16941.02,8,32,false,78711,0
drm,3,1,J01_ft,ft,32,4,0.0,48.123,1788485623292,41628,25005,21.59,18358.65,8,32,true,78923,0
drm,3,2,J02_ep,ep,32,1,8.999,77.355,1788485590663,8999,18953,18.86,455.48,10,32,false,78611,0
drm,3,2,J02_ep,ep,32,2,8.999,77.355,1788485610117,28453,54705,54.53,157.52,5,32,false,78820,0
drm,3,2,J02_ep,ep,32,3,8.999,77.355,1788485665323,83659,18245,18.2,471.96,8,32,true,79129,0
drm,3,3,J03_ft,ft,32,1,13.099,54.571,1788485594763,13099,22002,20.1,19720.51,8,32,false,78645,0
drm,3,3,J03_ft,ft,32,2,13.099,54.571,1788485617267,35603,22153,18.43,21512.01,8,32,false,78853,0
drm,3,3,J03_ft,ft,32,3,13.099,54.571,1788485639921,58257,20598,16.99,23333.29,16,32,true,79050,0
drm,3,4,J04_cg,cg,32,1,13.773,47.096,1788485595437,13773,23459,21.76,6586.3,6,32,false,78678,0
drm,3,4,J04_cg,cg,32,2,13.773,47.096,1788485619398,37734,18798,16.52,8675.89,8,32,false,78887,0
drm,3,4,J04_cg,cg,32,3,13.773,47.096,1788485638697,57034,15040,12.84,11161.18,10,32,true,79017,0
drm,3,5,J05_cg,cg,32,1,19.698,87.101,1788485601362,19698,28812,26.34,5442.18,8,32,false,78752,0
drm,3,5,J05_cg,cg,32,2,19.698,87.101,1788485630675,49011,23202,21.06,6805.8,16,32,false,78980,0
drm,3,5,J05_cg,cg,32,3,19.698,87.101,1788485654378,72714,13987,12.58,11399.04,10,32,false,79085,0
drm,3,5,J05_cg,cg,32,4,19.698,87.101,1788485668866,87202,11184,9.81,14611.53,32,32,false,79163,0
drm,3,5,J05_cg,cg,32,5,19.698,87.101,1788485680551,98887,7127,6.17,23245.39,16,32,false,79203,0
drm,3,5,J05_cg,cg,32,6,19.698,87.101,1788485688179,106515,4423,3.63,39507.8,32,32,true,79240,0
drm,3,6,J06_ep,ep,32,1,21.026,44.272,1788485602690,21026,48193,48.03,178.84,6,32,true,78785,0
nodrm,3,1,J01_ft,ft,32,1,0.0,48.123,1788485702614,4,4629,4.26,93004.47,32,32,false,79357,0
nodrm,3,1,J01_ft,ft,32,2,0.0,48.123,1788485707744,5134,5576,5.23,75836.47,32,32,false,79389,0
nodrm,3,1,J01_ft,ft,32,3,0.0,48.123,1788485713821,11211,22604,21.77,18204.9,32,32,false,79458,0
nodrm,3,1,J01_ft,ft,32,4,0.0,48.123,1788485736925,34316,25661,24.03,16494.14,32,32,true,79664,0
nodrm,3,2,J02_ep,ep,32,1,8.999,77.355,1788485711609,8999,10437,10.23,839.95,32,32,false,79425,0
nodrm,3,2,J02_ep,ep,32,2,8.999,77.355,1788485722548,19938,21151,20.95,410.09,32,32,false,79598,0
nodrm,3,2,J02_ep,ep,32,3,8.999,77.355,1788485744200,41590,21901,21.69,396.06,32,32,false,79731,0
nodrm,3,2,J02_ep,ep,32,4,8.999,77.355,1788485766601,63992,20298,20.16,426.15,32,32,false,79816,0
nodrm,3,2,J02_ep,ep,32,5,8.999,77.355,1788485787400,84790,11085,10.94,784.93,32,32,true,79896,0
nodrm,3,3,J03_ft,ft,32,1,13.099,54.571,1788485715709,13099,24259,23.08,17177.47,32,32,false,79490,0
nodrm,3,3,J03_ft,ft,32,2,13.099,54.571,1788485740469,37860,25761,23.8,16654.87,32,32,false,79699,0
nodrm,3,3,J03_ft,ft,32,3,13.099,54.571,1788485766732,64122,22400,20.49,19342.85,32,32,true,79851,0
nodrm,3,4,J04_cg,cg,32,1,13.773,47.096,1788485716383,13773,81049,77.29,1854.64,32,32,true,79522,0
nodrm,3,5,J05_cg,cg,32,1,19.698,87.101,1788485722308,19698,75836,69.05,2076.1,32,32,false,79566,0
nodrm,3,5,J05_cg,cg,32,2,19.698,87.101,1788485798645,96035,4273,3.76,38162.08,32,32,false,79928,0
nodrm,3,5,J05_cg,cg,32,3,19.698,87.101,1788485803419,100809,4473,3.96,36161.59,32,32,false,79962,0
nodrm,3,5,J05_cg,cg,32,4,19.698,87.101,1788485808393,105783,4423,3.92,36541.52,32,32,true,80009,0
nodrm,3,6,J06_ep,ep,32,1,21.026,44.272,1788485723636,21026,22004,21.71,395.63,32,32,false,79630,0
nodrm,3,6,J06_ep,ep,32,2,21.026,44.272,1788485746141,43531,23107,22.87,375.67,32,32,true,79763,0
