run_name,source,benchmark,threads,dynamic,program_id,duration_ms,mops_total,init_ms,mops_per_thread,total_threads,avail_threads,operation_type,pid,mode,rep
run_1,dual,CG,2,False,1,93760,1528.87,12665,764.44,2,2,floating point,5862,dynamic=false,1
run_1,dual,CG,2,False,2,94220,1521.46,11861,760.73,2,2,floating point,5861,dynamic=false,2
run_1,dual,CG,4,False,1,53910,2658.8,6482,664.7,4,4,floating point,21354,dynamic=false,1
run_1,dual,CG,4,False,2,52210,2745.4,6488,686.35,4,4,floating point,21355,dynamic=false,2
run_1,dual,CG,8,False,1,30900,4638.81,3444,579.85,8,8,floating point,26615,dynamic=false,1
run_1,dual,CG,8,False,2,31310,4577.84,3340,572.23,8,8,floating point,26614,dynamic=false,2
run_1,dual,CG,16,False,1,17750,8076.36,2000,504.77,16,16,floating point,30904,dynamic=false,1
run_1,dual,CG,16,False,2,18130,7907.01,2004,494.19,16,16,floating point,30903,dynamic=false,2
run_1,dual,CG,32,False,1,12610,11363.36,1166,355.1,32,32,floating point,43175,dynamic=false,1
run_1,dual,CG,32,False,2,12470,11494.33,1161,359.2,32,32,floating point,43174,dynamic=false,2
run_1,dual,CG,2,True,1,84730,1691.76,13402,1691.76,1,2,floating point,5855,dynamic=true,1
run_1,dual,CG,2,True,2,92820,1544.35,11942,772.18,2,2,floating point,5856,dynamic=true,2
run_1,dual,CG,4,True,1,46160,3105.38,6161,1552.69,2,4,floating point,21356,dynamic=true,1
run_1,dual,CG,4,True,2,47020,3048.43,6895,1524.22,2,4,floating point,21357,dynamic=true,2
run_1,dual,CG,8,True,1,21820,6569.03,3548,1642.26,4,8,floating point,26616,dynamic=true,1
run_1,dual,CG,8,True,2,21850,6561.88,3289,1640.47,4,8,floating point,26617,dynamic=true,2
run_1,dual,CG,16,True,1,11610,12345.46,2097,1543.18,8,16,floating point,30906,dynamic=true,1
run_1,dual,CG,16,True,2,11490,12471.87,1990,1558.98,8,16,floating point,30905,dynamic=true,2
run_1,dual,CG,32,True,1,6840,20964.98,1334,1310.31,16,32,floating point,43172,dynamic=true,1
run_1,dual,CG,32,True,2,7780,18424.76,1410,1151.55,16,32,floating point,43173,dynamic=true,2
run_1,dual,EP,2,False,1,55620,154.45,,77.22,2,2,Random numbers generated,6175,dynamic=false,1
run_1,dual,EP,2,False,2,56570,151.84,,75.92,2,2,Random numbers generated,6174,dynamic=false,2
run_1,dual,EP,4,False,1,28430,302.13,,75.53,4,4,Random numbers generated,21589,dynamic=false,1
run_1,dual,EP,4,False,2,28070,306.04,,76.51,4,4,Random numbers generated,21588,dynamic=false,2
run_1,dual,EP,8,False,1,14120,608.21,,76.03,8,8,Random numbers generated,26709,dynamic=false,1
run_1,dual,EP,8,False,2,14470,593.79,,74.22,8,8,Random numbers generated,26707,dynamic=false,2
run_1,dual,EP,16,False,1,9830,873.98,,54.62,16,16,Random numbers generated,34738,dynamic=false,1
run_1,dual,EP,16,False,2,7670,1120.5,,70.03,16,16,Random numbers generated,34740,dynamic=false,2
run_1,dual,EP,32,False,1,3710,2317.96,,72.44,32,32,Random numbers generated,43348,dynamic=false,1
run_1,dual,EP,32,False,2,3830,2243.2,,70.1,32,32,Random numbers generated,43350,dynamic=false,2
run_1,dual,EP,2,True,1,46770,183.68,,91.84,2,2,Random numbers generated,6172,dynamic=true,1
run_1,dual,EP,2,True,2,65650,130.84,,130.84,1,2,Random numbers generated,6173,dynamic=true,2
run_1,dual,EP,4,True,1,23310,368.48,,92.12,4,4,Random numbers generated,21587,dynamic=true,1
run_1,dual,EP,4,True,2,34970,245.61,,122.81,2,4,Random numbers generated,21586,dynamic=true,2
run_1,dual,EP,8,True,1,18820,456.47,,114.12,4,8,Random numbers generated,26708,dynamic=true,1
run_1,dual,EP,8,True,2,11620,739.39,,92.42,8,8,Random numbers generated,26706,dynamic=true,2
run_1,dual,EP,16,True,1,9800,876.55,,109.57,8,16,Random numbers generated,34739,dynamic=true,1
run_1,dual,EP,16,True,2,6030,1425.01,,89.06,16,16,Random numbers generated,34736,dynamic=true,2
run_1,dual,EP,32,True,1,4940,1738.28,,108.64,16,32,Random numbers generated,43351,dynamic=true,1
run_1,dual,EP,32,True,2,3220,2671.13,,83.47,32,32,Random numbers generated,43349,dynamic=true,2
run_1,dual,FT,2,False,1,107980,3670.81,,1835.41,2,2,floating point,5590,dynamic=false,1
run_1,dual,FT,2,False,2,107860,3674.96,,1837.48,2,2,floating point,5591,dynamic=false,2
run_1,dual,FT,4,False,1,57230,6926.58,,1731.65,4,4,floating point,21254,dynamic=false,1
run_1,dual,FT,4,False,2,57740,6864.74,,1716.18,4,4,floating point,21256,dynamic=false,2
run_1,dual,FT,8,False,1,30360,13057.78,,1632.22,8,8,floating point,26502,dynamic=false,1
run_1,dual,FT,8,False,2,30360,13055.29,,1631.91,8,8,floating point,26501,dynamic=false,2
run_1,dual,FT,16,False,1,16980,23347.28,,1459.21,16,16,floating point,30780,dynamic=false,1
run_1,dual,FT,16,False,2,17080,23206.62,,1450.41,16,16,floating point,30786,dynamic=false,2
run_1,dual,FT,32,False,1,9660,41018.88,,1281.84,32,32,floating point,42982,dynamic=false,1
run_1,dual,FT,32,False,2,9620,41211.77,,1287.87,32,32,floating point,42981,dynamic=false,2
run_1,dual,FT,2,True,1,104010,3811.01,,3811.01,1,2,floating point,5589,dynamic=true,1
run_1,dual,FT,2,True,2,104400,3797.0,,3797.0,1,2,floating point,5588,dynamic=true,2
run_1,dual,FT,4,True,1,52050,7615.57,,3807.78,2,4,floating point,21255,dynamic=true,1
run_1,dual,FT,4,True,2,52340,7573.88,,3786.94,2,4,floating point,21253,dynamic=true,2
run_1,dual,FT,8,True,1,26680,14854.47,,3713.62,4,8,floating point,26504,dynamic=true,1
run_1,dual,FT,8,True,2,26240,15108.25,,3777.06,4,8,floating point,26503,dynamic=true,2
run_1,dual,FT,16,True,1,13690,28960.68,,3620.08,8,16,floating point,30784,dynamic=true,1
run_1,dual,FT,16,True,2,13760,28816.08,,3602.01,8,16,floating point,30785,dynamic=true,2
run_1,dual,FT,32,True,1,7760,51075.17,,3192.2,16,32,floating point,42980,dynamic=true,1
run_1,dual,FT,32,True,2,7560,52436.84,,3277.3,16,32,floating point,42979,dynamic=true,2
run_10,dual,CG,2,False,1,93140,1539.02,12169,769.51,2,2,floating point,20686,dynamic=false,1
run_10,dual,CG,2,False,2,93650,1530.64,12165,765.32,2,2,floating point,20685,dynamic=false,2
run_10,dual,CG,4,False,1,50530,2836.86,6734,709.21,4,4,floating point,26099,dynamic=false,1
run_10,dual,CG,4,False,2,51090,2805.66,6210,701.41,4,4,floating point,26097,dynamic=false,2
run_10,dual,CG,8,False,1,29240,4902.0,3499,612.75,8,8,floating point,30442,dynamic=false,1
run_10,dual,CG,8,False,2,29060,4932.81,3444,616.6,8,8,floating point,30439,dynamic=false,2
run_10,dual,CG,16,False,1,16980,8443.45,1843,527.72,16,16,floating point,42586,dynamic=false,1
run_10,dual,CG,16,False,2,16540,8665.4,1873,541.59,16,16,floating point,42589,dynamic=false,2
run_10,dual,CG,32,False,1,12370,11590.57,1297,362.21,32,32,floating point,48650,dynamic=false,1
run_10,dual,CG,32,False,2,12460,11505.3,1207,359.54,32,32,floating point,48647,dynamic=false,2
run_10,dual,CG,2,True,1,85780,1671.1,12026,1671.1,1,2,floating point,20687,dynamic=true,1
run_10,dual,CG,2,True,2,85650,1673.7,13089,1673.7,1,2,floating point,20688,dynamic=true,2
run_10,dual,CG,4,True,1,48900,2931.57,6369,1465.79,2,4,floating point,26096,dynamic=true,1
run_10,dual,CG,4,True,2,44860,3195.31,6655,1597.66,2,4,floating point,26098,dynamic=true,2
run_10,dual,CG,8,True,1,24520,5846.58,3615,1461.64,4,8,floating point,30441,dynamic=true,1
run_10,dual,CG,8,True,2,21400,6697.05,3420,1674.26,4,8,floating point,30440,dynamic=true,2
run_10,dual,CG,16,True,1,11560,12404.06,1878,1550.51,8,16,floating point,42588,dynamic=true,1
run_10,dual,CG,16,True,2,11520,12439.26,2115,1554.91,8,16,floating point,42587,dynamic=true,2
run_10,dual,CG,32,True,1,7110,20148.48,1162,1259.28,16,32,floating point,48649,dynamic=true,1
run_10,dual,CG,32,True,2,7170,19997.86,1306,1249.87,16,32,floating point,48648,dynamic=true,2
run_10,dual,EP,2,False,1,56110,153.1,,76.55,2,2,Random numbers generated,21002,dynamic=false,1
run_10,dual,EP,2,False,2,56130,153.03,,76.51,2,2,Random numbers generated,21003,dynamic=false,2
run_10,dual,EP,4,False,1,28290,303.66,,75.91,4,4,Random numbers generated,26253,dynamic=false,1
run_10,dual,EP,4,False,2,28330,303.24,,75.81,4,4,Random numbers generated,26247,dynamic=false,2
run_10,dual,EP,8,False,1,14210,604.7,,75.59,8,8,Random numbers generated,30531,dynamic=false,1
run_10,dual,EP,8,False,2,14350,598.77,,74.85,8,8,Random numbers generated,30530,dynamic=false,2
run_10,dual,EP,16,False,1,7210,1190.63,,74.41,16,16,Random numbers generated,42806,dynamic=false,1
run_10,dual,EP,16,False,2,7210,1190.85,,74.43,16,16,Random numbers generated,42807,dynamic=false,2
run_10,dual,EP,32,False,1,3660,2343.81,,73.24,32,32,Random numbers generated,48826,dynamic=false,1
run_10,dual,EP,32,False,2,3660,2349.27,,73.41,32,32,Random numbers generated,48827,dynamic=false,2
run_10,dual,EP,2,True,1,69200,124.13,,124.13,1,2,Random numbers generated,21000,dynamic=true,1
run_10,dual,EP,2,True,2,42990,199.8,,99.9,2,2,Random numbers generated,21001,dynamic=true,2
run_10,dual,EP,4,True,1,37950,226.34,,113.17,2,4,Random numbers generated,26249,dynamic=true,1
run_10,dual,EP,4,True,2,21330,402.66,,100.66,4,4,Random numbers generated,26252,dynamic=true,2
run_10,dual,EP,8,True,1,18440,465.95,,116.49,4,8,Random numbers generated,30532,dynamic=true,1
run_10,dual,EP,8,True,2,11840,725.63,,90.7,8,8,Random numbers generated,30529,dynamic=true,2
run_10,dual,EP,16,True,1,6360,1351.22,,84.45,16,16,Random numbers generated,42810,dynamic=true,1
run_10,dual,EP,16,True,2,9480,906.3,,113.29,8,16,Random numbers generated,42809,dynamic=true,2
run_10,dual,EP,32,True,1,3270,2630.67,,82.21,32,32,Random numbers generated,48824,dynamic=true,1
run_10,dual,EP,32,True,2,4920,1744.28,,109.02,16,32,Random numbers generated,48825,dynamic=true,2
run_10,dual,FT,2,False,1,108070,3667.95,,1833.98,2,2,floating point,20428,dynamic=false,1
run_10,dual,FT,2,False,2,107610,3683.7,,1841.85,2,2,floating point,20427,dynamic=false,2
run_10,dual,FT,4,False,1,56900,6966.71,,1741.68,4,4,floating point,25865,dynamic=false,1
run_10,dual,FT,4,False,2,56600,7003.64,,1750.91,4,4,floating point,25867,dynamic=false,2
run_10,dual,FT,8,False,1,29670,13360.35,,1670.04,8,8,floating point,30340,dynamic=false,1
run_10,dual,FT,8,False,2,29610,13389.04,,1673.63,8,8,floating point,30339,dynamic=false,2
run_10,dual,FT,16,False,1,16000,24781.32,,1548.83,16,16,floating point,42458,dynamic=false,1
run_10,dual,FT,16,False,2,15820,25057.02,,1566.06,16,16,floating point,42455,dynamic=false,2
run_10,dual,FT,32,False,1,9300,42631.6,,1332.24,32,32,floating point,48463,dynamic=false,1
run_10,dual,FT,32,False,2,9300,42630.61,,1332.21,32,32,floating point,48466,dynamic=false,2
run_10,dual,FT,2,True,1,104950,3777.09,,3777.09,1,2,floating point,20426,dynamic=true,1
run_10,dual,FT,2,True,2,104550,3791.52,,3791.52,1,2,floating point,20429,dynamic=true,2
run_10,dual,FT,4,True,1,53730,7377.01,,3688.51,2,4,floating point,25864,dynamic=true,1
run_10,dual,FT,4,True,2,51980,7625.3,,3812.65,2,4,floating point,25866,dynamic=true,2
run_10,dual,FT,8,True,1,26960,14704.99,,3676.25,4,8,floating point,30341,dynamic=true,1
run_10,dual,FT,8,True,2,26750,14818.36,,3704.59,4,8,floating point,30338,dynamic=true,2
run_10,dual,FT,16,True,1,13920,28478.89,,3559.86,8,16,floating point,42456,dynamic=true,1
run_10,dual,FT,16,True,2,13860,28604.71,,3575.59,8,16,floating point,42457,dynamic=true,2
run_10,dual,FT,32,True,1,7800,50819.85,,3176.24,16,32,floating point,48464,dynamic=true,1
run_10,dual,FT,32,True,2,7720,51327.58,,3207.97,16,32,floating point,48465,dynamic=true,2
run_2,dual,CG,2,False,1,98580,1454.14,12458,727.07,2,2,floating point,6541,dynamic=false,1
run_2,dual,CG,2,False,2,93680,1530.21,12397,765.11,2,2,floating point,6542,dynamic=false,2
run_2,dual,CG,4,False,1,51150,2802.25,6657,700.56,4,4,floating point,21988,dynamic=false,1
run_2,dual,CG,4,False,2,51270,2795.79,6138,698.95,4,4,floating point,21987,dynamic=false,2
run_2,dual,CG,8,False,1,31350,4572.21,3516,571.53,8,8,floating point,27042,dynamic=false,1
run_2,dual,CG,8,False,2,32130,4461.1,3456,557.64,8,8,floating point,27040,dynamic=false,2
run_2,dual,CG,16,False,1,18600,7705.72,1858,481.61,16,16,floating point,38919,dynamic=false,1
run_2,dual,CG,16,False,2,18500,7747.08,1889,484.19,16,16,floating point,38915,dynamic=false,2
run_2,dual,CG,32,False,1,10890,13158.92,1224,411.22,32,32,floating point,43712,dynamic=false,1
run_2,dual,CG,32,False,2,11310,12674.94,1176,396.09,32,32,floating point,43713,dynamic=false,2
run_2,dual,CG,2,True,1,82780,1731.66,11965,1731.66,1,2,floating point,6538,dynamic=true,1
run_2,dual,CG,2,True,2,89070,1609.39,11943,804.69,2,2,floating point,6537,dynamic=true,2
run_2,dual,CG,4,True,1,46690,3070.26,6716,767.57,4,4,floating point,21989,dynamic=true,1
run_2,dual,CG,4,True,2,41810,3428.27,6150,1714.14,2,4,floating point,21986,dynamic=true,2
run_2,dual,CG,8,True,1,21560,6650.03,3512,1662.51,4,8,floating point,27041,dynamic=true,1
run_2,dual,CG,8,True,2,22540,6359.07,3551,1589.77,4,8,floating point,27043,dynamic=true,2
run_2,dual,CG,16,True,1,11510,12450.49,2105,1556.31,8,16,floating point,38921,dynamic=true,1
run_2,dual,CG,16,True,2,11790,12154.08,2080,1519.26,8,16,floating point,38920,dynamic=true,2
run_2,dual,CG,32,True,1,7140,20063.89,1290,1253.99,16,32,floating point,43715,dynamic=true,1
run_2,dual,CG,32,True,2,7500,19108.29,1213,1194.27,16,32,floating point,43714,dynamic=true,2
run_2,dual,EP,2,False,1,55790,153.96,,76.98,2,2,Random numbers generated,6853,dynamic=false,1
run_2,dual,EP,2,False,2,56290,152.59,,76.3,2,2,Random numbers generated,6849,dynamic=false,2
run_2,dual,EP,4,False,1,28350,303.04,,75.76,4,4,Random numbers generated,22087,dynamic=false,1
run_2,dual,EP,4,False,2,27880,308.06,,77.01,4,4,Random numbers generated,22090,dynamic=false,2
run_2,dual,EP,8,False,1,14190,605.18,,75.65,8,8,Random numbers generated,27142,dynamic=false,1
run_2,dual,EP,8,False,2,14160,606.45,,75.81,8,8,Random numbers generated,27145,dynamic=false,2
run_2,dual,EP,16,False,1,7370,1165.79,,72.86,16,16,Random numbers generated,39246,dynamic=false,1
run_2,dual,EP,16,False,2,10310,833.03,,52.06,16,16,Random numbers generated,39245,dynamic=false,2
run_2,dual,EP,32,False,1,3660,2347.29,,73.35,32,32,Random numbers generated,43960,dynamic=false,1
run_2,dual,EP,32,False,2,3840,2234.06,,69.81,32,32,Random numbers generated,43959,dynamic=false,2
run_2,dual,EP,2,True,1,39730,216.21,,108.1,2,2,Random numbers generated,6850,dynamic=true,1
run_2,dual,EP,2,True,2,72630,118.27,,118.27,1,2,Random numbers generated,6851,dynamic=true,2
run_2,dual,EP,4,True,1,21580,398.03,,99.51,4,4,Random numbers generated,22085,dynamic=true,1
run_2,dual,EP,4,True,2,36570,234.89,,117.45,2,4,Random numbers generated,22086,dynamic=true,2
run_2,dual,EP,8,True,1,11600,740.42,,92.55,8,8,Random numbers generated,27143,dynamic=true,1
run_2,dual,EP,8,True,2,17840,481.58,,120.39,4,8,Random numbers generated,27144,dynamic=true,2
run_2,dual,EP,16,True,1,6290,1366.5,,85.41,16,16,Random numbers generated,39244,dynamic=true,1
run_2,dual,EP,16,True,2,9830,874.09,,109.26,8,16,Random numbers generated,39247,dynamic=true,2
run_2,dual,EP,32,True,1,3140,2733.41,,85.42,32,32,Random numbers generated,43962,dynamic=true,1
run_2,dual,EP,32,True,2,4870,1765.29,,110.33,16,32,Random numbers generated,43961,dynamic=true,2
run_2,dual,FT,2,False,1,107510,3687.09,,1843.54,2,2,floating point,6266,dynamic=false,1
run_2,dual,FT,2,False,2,107360,3692.28,,1846.14,2,2,floating point,6268,dynamic=false,2
run_2,dual,FT,4,False,1,56960,6959.55,,1739.89,4,4,floating point,21739,dynamic=false,1
run_2,dual,FT,4,False,2,56900,6965.79,,1741.45,4,4,floating point,21740,dynamic=false,2
run_2,dual,FT,8,False,1,30180,13134.11,,1641.76,8,8,floating point,26813,dynamic=false,1
run_2,dual,FT,8,False,2,30320,13072.5,,1634.06,8,8,floating point,26814,dynamic=false,2
run_2,dual,FT,16,False,1,16290,24339.7,,1521.23,16,16,floating point,38344,dynamic=false,1
run_2,dual,FT,16,False,2,16210,24453.17,,1528.32,16,16,floating point,38354,dynamic=false,2
run_2,dual,FT,32,False,1,9530,41600.86,,1300.03,32,32,floating point,43535,dynamic=false,1
run_2,dual,FT,32,False,2,9330,42491.55,,1327.86,32,32,floating point,43538,dynamic=false,2
run_2,dual,FT,2,True,1,103570,3827.2,,3827.2,1,2,floating point,6267,dynamic=true,1
run_2,dual,FT,2,True,2,104220,3803.37,,3803.37,1,2,floating point,6264,dynamic=true,2
run_2,dual,FT,4,True,1,55970,7081.76,,3540.88,2,4,floating point,21736,dynamic=true,1
run_2,dual,FT,4,True,2,53960,7346.54,,3673.27,2,4,floating point,21738,dynamic=true,2
run_2,dual,FT,8,True,1,26640,14882.13,,3720.53,4,8,floating point,26811,dynamic=true,1
run_2,dual,FT,8,True,2,26190,15137.22,,3784.3,4,8,floating point,26812,dynamic=true,2
run_2,dual,FT,16,True,1,13810,28694.73,,3586.84,8,16,floating point,38349,dynamic=true,1
run_2,dual,FT,16,True,2,13550,29245.74,,3655.72,8,16,floating point,38350,dynamic=true,2
run_2,dual,FT,32,True,1,7880,50304.28,,3144.02,16,32,floating point,43537,dynamic=true,1
run_2,dual,FT,32,True,2,7860,50457.43,,3153.59,16,32,floating point,43536,dynamic=true,2
run_3,dual,CG,2,False,1,104770,1368.18,12676,684.09,2,2,floating point,7357,dynamic=false,1
run_3,dual,CG,2,False,2,98400,1456.84,12269,728.42,2,2,floating point,7358,dynamic=false,2
run_3,dual,CG,4,False,1,56310,2545.84,6506,636.46,4,4,floating point,22414,dynamic=false,1
run_3,dual,CG,4,False,2,54310,2639.62,6614,659.9,4,4,floating point,22415,dynamic=false,2
run_3,dual,CG,8,False,1,29190,4910.51,3365,613.81,8,8,floating point,27397,dynamic=false,1
run_3,dual,CG,8,False,2,29830,4804.94,3371,600.62,8,8,floating point,27394,dynamic=false,2
run_3,dual,CG,16,False,1,18890,7590.28,1900,474.39,16,16,floating point,39483,dynamic=false,1
run_3,dual,CG,16,False,2,19300,7426.11,2036,464.13,16,16,floating point,39489,dynamic=false,2
run_3,dual,CG,32,False,1,11710,12242.37,1181,382.57,32,32,floating point,44322,dynamic=false,1
run_3,dual,CG,32,False,2,11660,12294.84,1257,384.21,32,32,floating point,44323,dynamic=false,2
run_3,dual,CG,2,True,1,91550,1565.83,13394,782.91,2,2,floating point,7360,dynamic=true,1
run_3,dual,CG,2,True,2,84540,1695.67,11977,1695.67,1,2,floating point,7359,dynamic=true,2
run_3,dual,CG,4,True,1,41950,3417.07,6587,1708.53,2,4,floating point,22417,dynamic=true,1
run_3,dual,CG,4,True,2,41790,3429.84,6048,1714.92,2,4,floating point,22412,dynamic=true,2
run_3,dual,CG,8,True,1,23290,6154.28,3284,1538.57,4,8,floating point,27396,dynamic=true,1
run_3,dual,CG,8,True,2,23610,6070.89,3716,1517.72,4,8,floating point,27395,dynamic=true,2
run_3,dual,CG,16,True,1,12090,11856.12,1943,1482.02,8,16,floating point,39487,dynamic=true,1
run_3,dual,CG,16,True,2,11940,12007.25,2173,1500.91,8,16,floating point,39488,dynamic=true,2
run_3,dual,CG,32,True,1,7050,20337.96,1158,1271.12,16,32,floating point,44324,dynamic=true,1
run_3,dual,CG,32,True,2,7400,19365.49,1320,1210.34,16,32,floating point,44325,dynamic=true,2
run_3,dual,EP,2,False,1,56180,152.9,,76.45,2,2,Random numbers generated,7669,dynamic=false,1
run_3,dual,EP,2,False,2,55850,153.81,,76.91,2,2,Random numbers generated,7670,dynamic=false,2
run_3,dual,EP,4,False,1,28040,306.39,,76.6,4,4,Random numbers generated,22698,dynamic=false,1
run_3,dual,EP,4,False,2,28600,300.31,,75.08,4,4,Random numbers generated,22699,dynamic=false,2
run_3,dual,EP,8,False,1,14330,599.5,,74.94,8,8,Random numbers generated,27638,dynamic=false,1
run_3,dual,EP,8,False,2,14280,601.41,,75.18,8,8,Random numbers generated,27639,dynamic=false,2
run_3,dual,EP,16,False,1,7570,1134.91,,70.93,16,16,Random numbers generated,39624,dynamic=false,1
run_3,dual,EP,16,False,2,7240,1185.73,,74.11,16,16,Random numbers generated,39623,dynamic=false,2
run_3,dual,EP,32,False,1,3640,2363.06,,73.85,32,32,Random numbers generated,44631,dynamic=false,1
run_3,dual,EP,32,False,2,3800,2258.82,,70.59,32,32,Random numbers generated,44634,dynamic=false,2
run_3,dual,EP,2,True,1,43610,196.95,,98.48,2,2,Random numbers generated,7671,dynamic=true,1
run_3,dual,EP,2,True,2,68860,124.75,,124.75,1,2,Random numbers generated,7672,dynamic=true,2
run_3,dual,EP,4,True,1,21750,394.94,,98.73,4,4,Random numbers generated,22700,dynamic=true,1
run_3,dual,EP,4,True,2,36330,236.47,,118.23,2,4,Random numbers generated,22702,dynamic=true,2
run_3,dual,EP,8,True,1,11670,735.77,,91.97,8,8,Random numbers generated,27637,dynamic=true,1
run_3,dual,EP,8,True,2,19270,445.8,,111.45,4,8,Random numbers generated,27636,dynamic=true,2
run_3,dual,EP,16,True,1,8290,1036.37,,64.77,16,16,Random numbers generated,39625,dynamic=true,1
run_3,dual,EP,16,True,2,9530,901.66,,112.71,8,16,Random numbers generated,39626,dynamic=true,2
run_3,dual,EP,32,True,1,3230,2658.54,,83.08,32,32,Random numbers generated,44635,dynamic=true,1
run_3,dual,EP,32,True,2,4940,1738.57,,108.66,16,32,Random numbers generated,44636,dynamic=true,2
run_3,dual,FT,2,False,1,106950,3706.18,,1853.09,2,2,floating point,7087,dynamic=false,1
run_3,dual,FT,2,False,2,107420,3690.08,,1845.04,2,2,floating point,7085,dynamic=false,2
run_3,dual,FT,4,False,1,56280,7042.68,,1760.67,4,4,floating point,22174,dynamic=false,1
run_3,dual,FT,4,False,2,56720,6988.69,,1747.17,4,4,floating point,22175,dynamic=false,2
run_3,dual,FT,8,False,1,30410,13035.04,,1629.38,8,8,floating point,27241,dynamic=false,1
run_3,dual,FT,8,False,2,30420,13030.38,,1628.8,8,8,floating point,27238,dynamic=false,2
run_3,dual,FT,16,False,1,15980,24799.7,,1549.98,16,16,floating point,39362,dynamic=false,1
run_3,dual,FT,16,False,2,16210,24449.78,,1528.11,16,16,floating point,39364,dynamic=false,2
run_3,dual,FT,32,False,1,9070,43693.44,,1365.42,32,32,floating point,44137,dynamic=false,1
run_3,dual,FT,32,False,2,9160,43295.09,,1352.97,32,32,floating point,44139,dynamic=false,2
run_3,dual,FT,2,True,1,104580,3790.22,,3790.22,1,2,floating point,7086,dynamic=true,1
run_3,dual,FT,2,True,2,103820,3818.19,,3818.19,1,2,floating point,7084,dynamic=true,2
run_3,dual,FT,4,True,1,53450,7415.45,,3707.72,2,4,floating point,22173,dynamic=true,1
run_3,dual,FT,4,True,2,52960,7484.21,,3742.1,2,4,floating point,22172,dynamic=true,2
run_3,dual,FT,8,True,1,27050,14652.08,,3663.02,4,8,floating point,27236,dynamic=true,1
run_3,dual,FT,8,True,2,26770,14804.71,,3701.18,4,8,floating point,27239,dynamic=true,2
run_3,dual,FT,16,True,1,14000,28308.16,,3538.52,8,16,floating point,39366,dynamic=true,1
run_3,dual,FT,16,True,2,13610,29131.75,,3641.47,8,16,floating point,39365,dynamic=true,2
run_3,dual,FT,32,True,1,7540,52537.28,,3283.58,16,32,floating point,44138,dynamic=true,1
run_3,dual,FT,32,True,2,7520,52723.76,,3295.23,16,32,floating point,44140,dynamic=true,2
run_4,dual,CG,2,False,1,99920,1434.65,12271,717.32,2,2,floating point,8055,dynamic=false,1
run_4,dual,CG,2,False,2,95540,1500.36,12138,750.18,2,2,floating point,8056,dynamic=false,2
run_4,dual,CG,4,False,1,52410,2735.08,6295,683.77,4,4,floating point,22908,dynamic=false,1
run_4,dual,CG,4,False,2,53170,2695.98,6349,673.99,4,4,floating point,22905,dynamic=false,2
run_4,dual,CG,8,False,1,34070,4207.47,3483,525.93,8,8,floating point,27832,dynamic=false,1
run_4,dual,CG,8,False,2,34420,4164.77,3470,520.6,8,8,floating point,27831,dynamic=false,2
run_4,dual,CG,16,False,1,18150,7899.58,1947,493.72,16,16,floating point,39861,dynamic=false,1
run_4,dual,CG,16,False,2,17790,8058.67,1936,503.67,16,16,floating point,39860,dynamic=false,2
run_4,dual,CG,32,False,1,11780,12166.38,1226,380.2,32,32,floating point,45005,dynamic=false,1
run_4,dual,CG,32,False,2,11900,12043.19,1277,376.35,32,32,floating point,45006,dynamic=false,2
run_4,dual,CG,2,True,1,88530,1619.16,13395,809.58,2,2,floating point,8057,dynamic=true,1
run_4,dual,CG,2,True,2,83600,1714.73,12048,1714.73,1,2,floating point,8054,dynamic=true,2
run_4,dual,CG,4,True,1,43630,3285.15,6975,1642.58,2,4,floating point,22904,dynamic=true,1
run_4,dual,CG,4,True,2,42860,3344.35,6149,1672.17,2,4,floating point,22906,dynamic=true,2
run_4,dual,CG,8,True,1,24360,5883.99,3382,1471.0,4,8,floating point,27829,dynamic=true,1
run_4,dual,CG,8,True,2,22440,6387.2,3706,1596.8,4,8,floating point,27833,dynamic=true,2
run_4,dual,CG,16,True,1,12810,11186.4,2032,1398.3,8,16,floating point,39858,dynamic=true,1
run_4,dual,CG,16,True,2,12120,11830.09,2242,1478.76,8,16,floating point,39859,dynamic=true,2
run_4,dual,CG,32,True,1,7170,19993.34,1333,1249.58,16,32,floating point,45007,dynamic=true,1
run_4,dual,CG,32,True,2,7790,18399.57,1409,1149.97,16,32,floating point,45008,dynamic=true,2
run_4,dual,EP,2,False,1,56070,153.2,,76.6,2,2,Random numbers generated,8381,dynamic=false,1
run_4,dual,EP,2,False,2,56030,153.3,,76.65,2,2,Random numbers generated,8380,dynamic=false,2
run_4,dual,EP,4,False,1,28310,303.47,,75.87,4,4,Random numbers generated,23162,dynamic=false,1
run_4,dual,EP,4,False,2,28090,305.75,,76.44,4,4,Random numbers generated,23164,dynamic=false,2
run_4,dual,EP,8,False,1,14220,604.2,,75.53,8,8,Random numbers generated,28077,dynamic=false,1
run_4,dual,EP,8,False,2,14360,598.13,,74.77,8,8,Random numbers generated,28073,dynamic=false,2
run_4,dual,EP,16,False,1,7700,1114.92,,69.68,16,16,Random numbers generated,40002,dynamic=false,1
run_4,dual,EP,16,False,2,7360,1167.17,,72.95,16,16,Random numbers generated,40001,dynamic=false,2
run_4,dual,EP,32,False,1,3960,2169.67,,67.8,32,32,Random numbers generated,45194,dynamic=false,1
run_4,dual,EP,32,False,2,3690,2326.58,,72.71,32,32,Random numbers generated,45197,dynamic=false,2
run_4,dual,EP,2,True,1,44000,195.23,,97.62,2,2,Random numbers generated,8379,dynamic=true,1
run_4,dual,EP,2,True,2,68020,126.28,,126.28,1,2,Random numbers generated,8382,dynamic=true,2
run_4,dual,EP,4,True,1,36940,232.54,,116.27,2,4,Random numbers generated,23161,dynamic=true,1
run_4,dual,EP,4,True,2,23030,372.94,,93.24,4,4,Random numbers generated,23160,dynamic=true,2
run_4,dual,EP,8,True,1,11780,729.21,,91.15,8,8,Random numbers generated,28074,dynamic=true,1
run_4,dual,EP,8,True,2,18600,461.92,,115.48,4,8,Random numbers generated,28075,dynamic=true,2
run_4,dual,EP,16,True,1,9300,924.1,,115.51,8,16,Random numbers generated,40004,dynamic=true,1
run_4,dual,EP,16,True,2,6240,1376.03,,86.0,16,16,Random numbers generated,40003,dynamic=true,2
run_4,dual,EP,32,True,1,3240,2653.52,,82.92,32,32,Random numbers generated,45195,dynamic=true,1
run_4,dual,EP,32,True,2,4970,1728.06,,108.0,16,32,Random numbers generated,45196,dynamic=true,2
run_4,dual,FT,2,False,1,108210,3663.19,,1831.6,2,2,floating point,7789,dynamic=false,1
run_4,dual,FT,2,False,2,107950,3671.79,,1835.9,2,2,floating point,7792,dynamic=false,2
run_4,dual,FT,4,False,1,57750,6863.31,,1715.83,4,4,floating point,22802,dynamic=false,1
run_4,dual,FT,4,False,2,57820,6856.12,,1714.03,4,4,floating point,22804,dynamic=false,2
run_4,dual,FT,8,False,1,30470,13010.2,,1626.28,8,8,floating point,27722,dynamic=false,1
run_4,dual,FT,8,False,2,30620,12946.71,,1618.34,8,8,floating point,27721,dynamic=false,2
run_4,dual,FT,16,False,1,16030,24729.8,,1545.61,16,16,floating point,39740,dynamic=false,1
run_4,dual,FT,16,False,2,16050,24692.55,,1543.28,16,16,floating point,39739,dynamic=false,2
run_4,dual,FT,32,False,1,9360,42343.04,,1323.22,32,32,floating point,44829,dynamic=false,1
run_4,dual,FT,32,False,2,9450,41931.14,,1310.35,32,32,floating point,44830,dynamic=false,2
run_4,dual,FT,2,True,1,105460,3758.65,,3758.65,1,2,floating point,7791,dynamic=true,1
run_4,dual,FT,2,True,2,103780,3819.43,,3819.43,1,2,floating point,7790,dynamic=true,2
run_4,dual,FT,4,True,1,52150,7601.06,,3800.53,2,4,floating point,22806,dynamic=true,1
run_4,dual,FT,4,True,2,53650,7388.7,,3694.35,2,4,floating point,22803,dynamic=true,2
run_4,dual,FT,8,True,1,27100,14627.36,,3656.84,4,8,floating point,27723,dynamic=true,1
run_4,dual,FT,8,True,2,26910,14732.6,,3683.15,4,8,floating point,27724,dynamic=true,2
run_4,dual,FT,16,True,1,13550,29245.44,,3655.68,8,16,floating point,39738,dynamic=true,1
run_4,dual,FT,16,True,2,13590,29163.07,,3645.38,8,16,floating point,39741,dynamic=true,2
run_4,dual,FT,32,True,1,7520,52708.92,,3294.31,16,32,floating point,44828,dynamic=true,1
run_4,dual,FT,32,True,2,7490,52905.43,,3306.59,16,32,floating point,44831,dynamic=true,2
run_5,dual,CG,2,False,1,96500,1485.49,12365,742.75,2,2,floating point,8872,dynamic=false,1
run_5,dual,CG,2,False,2,96370,1487.4,12487,743.7,2,2,floating point,8871,dynamic=false,2
run_5,dual,CG,4,False,1,55390,2587.93,6619,646.98,4,4,floating point,23539,dynamic=false,1
run_5,dual,CG,4,False,2,55140,2599.56,6342,649.89,4,4,floating point,23540,dynamic=false,2
run_5,dual,CG,8,False,1,31050,4617.33,3415,577.17,8,8,floating point,28268,dynamic=false,1
run_5,dual,CG,8,False,2,31620,4533.88,3468,566.73,8,8,floating point,28267,dynamic=false,2
run_5,dual,CG,16,False,1,17380,8248.73,1881,515.55,16,16,floating point,40370,dynamic=false,1
run_5,dual,CG,16,False,2,17530,8177.96,2023,511.12,16,16,floating point,40367,dynamic=false,2
run_5,dual,CG,32,False,1,10720,13373.12,1167,417.91,32,32,floating point,45551,dynamic=false,1
run_5,dual,CG,32,False,2,10620,13499.91,1239,421.87,32,32,floating point,45550,dynamic=false,2
run_5,dual,CG,2,True,1,88240,1624.56,11825,1624.56,1,2,floating point,8869,dynamic=true,1
run_5,dual,CG,2,True,2,83580,1715.14,12066,1715.14,1,2,floating point,8870,dynamic=true,2
run_5,dual,CG,4,True,1,47650,3008.09,6199,1504.05,2,4,floating point,23537,dynamic=true,1
run_5,dual,CG,4,True,2,42400,3381.19,6782,1690.6,2,4,floating point,23538,dynamic=true,2
run_5,dual,CG,8,True,1,22360,6412.06,3274,1603.02,4,8,floating point,28269,dynamic=true,1
run_5,dual,CG,8,True,2,22810,6284.15,3614,1571.04,4,8,floating point,28270,dynamic=true,2
run_5,dual,CG,16,True,1,11560,12401.66,2147,1550.21,8,16,floating point,40369,dynamic=true,1
run_5,dual,CG,16,True,2,11620,12334.68,2024,1541.83,8,16,floating point,40368,dynamic=true,2
run_5,dual,CG,32,True,1,7600,18853.68,1393,1178.35,16,32,floating point,45553,dynamic=true,1
run_5,dual,CG,32,True,2,7060,20299.66,1238,1268.73,16,32,floating point,45552,dynamic=true,2
run_5,dual,EP,2,False,1,56170,152.93,,76.46,2,2,Random numbers generated,9199,dynamic=false,1
run_5,dual,EP,2,False,2,56300,152.56,,76.28,2,2,Random numbers generated,9196,dynamic=false,2
run_5,dual,EP,4,False,1,28370,302.73,,75.68,4,4,Random numbers generated,23638,dynamic=false,1
run_5,dual,EP,4,False,2,28420,302.2,,75.55,4,4,Random numbers generated,23636,dynamic=false,2
run_5,dual,EP,8,False,1,14260,602.43,,75.3,8,8,Random numbers generated,28383,dynamic=false,1
run_5,dual,EP,8,False,2,14420,595.58,,74.45,8,8,Random numbers generated,28386,dynamic=false,2
run_5,dual,EP,16,False,1,7270,1181.75,,73.86,16,16,Random numbers generated,40499,dynamic=false,1
run_5,dual,EP,16,False,2,7110,1207.48,,75.47,16,16,Random numbers generated,40500,dynamic=false,2
run_5,dual,EP,32,False,1,3730,2300.31,,71.88,32,32,Random numbers generated,45743,dynamic=false,1
run_5,dual,EP,32,False,2,3740,2297.0,,71.78,32,32,Random numbers generated,45745,dynamic=false,2
run_5,dual,EP,2,True,1,70700,121.51,,121.51,1,2,Random numbers generated,9198,dynamic=true,1
run_5,dual,EP,2,True,2,41570,206.64,,103.32,2,2,Random numbers generated,9197,dynamic=true,2
run_5,dual,EP,4,True,1,22410,383.26,,95.82,4,4,Random numbers generated,23635,dynamic=true,1
run_5,dual,EP,4,True,2,36740,233.79,,116.89,2,4,Random numbers generated,23637,dynamic=true,2
run_5,dual,EP,8,True,1,12300,698.57,,87.32,8,8,Random numbers generated,28384,dynamic=true,1
run_5,dual,EP,8,True,2,18470,465.0,,116.25,4,8,Random numbers generated,28385,dynamic=true,2
run_5,dual,EP,16,True,1,9480,906.16,,113.27,8,16,Random numbers generated,40501,dynamic=true,1
run_5,dual,EP,16,True,2,5990,1434.1,,89.63,16,16,Random numbers generated,40502,dynamic=true,2
run_5,dual,EP,32,True,1,3110,2764.05,,86.38,32,32,Random numbers generated,45742,dynamic=true,1
run_5,dual,EP,32,True,2,4820,1782.32,,111.39,16,32,Random numbers generated,45744,dynamic=true,2
run_5,dual,FT,2,False,1,107820,3676.37,,1838.19,2,2,floating point,8608,dynamic=false,1
run_5,dual,FT,2,False,2,107200,3697.67,,1848.84,2,2,floating point,8607,dynamic=false,2
run_5,dual,FT,4,False,1,56140,7061.27,,1765.32,4,4,floating point,23249,dynamic=false,1
run_5,dual,FT,4,False,2,56560,7007.8,,1751.95,4,4,floating point,23250,dynamic=false,2
run_5,dual,FT,8,False,1,29850,13279.96,,1659.99,8,8,floating point,28178,dynamic=false,1
run_5,dual,FT,8,False,2,29700,13344.4,,1668.05,8,8,floating point,28176,dynamic=false,2
run_5,dual,FT,16,False,1,16910,23447.6,,1465.48,16,16,floating point,40254,dynamic=false,1
run_5,dual,FT,16,False,2,16610,23870.08,,1491.88,16,16,floating point,40255,dynamic=false,2
run_5,dual,FT,32,False,1,9090,43583.73,,1361.99,32,32,floating point,45375,dynamic=false,1
run_5,dual,FT,32,False,2,9290,42685.89,,1333.93,32,32,floating point,45376,dynamic=false,2
run_5,dual,FT,2,True,1,104870,3779.68,,3779.68,1,2,floating point,8610,dynamic=true,1
run_5,dual,FT,2,True,2,103630,3824.95,,3824.95,1,2,floating point,8609,dynamic=true,2
run_5,dual,FT,4,True,1,52820,7505.2,,3752.6,2,4,floating point,23246,dynamic=true,1
run_5,dual,FT,4,True,2,53850,7360.99,,3680.49,2,4,floating point,23248,dynamic=true,2
run_5,dual,FT,8,True,1,26360,15036.66,,3759.17,4,8,floating point,28174,dynamic=true,1
run_5,dual,FT,8,True,2,26310,15065.92,,3766.48,4,8,floating point,28177,dynamic=true,2
run_5,dual,FT,16,True,1,14190,27928.98,,3491.12,8,16,floating point,40257,dynamic=true,1
run_5,dual,FT,16,True,2,14230,27861.26,,3482.66,8,16,floating point,40256,dynamic=true,2
run_5,dual,FT,32,True,1,7890,50244.03,,3140.25,16,32,floating point,45373,dynamic=true,1
run_5,dual,FT,32,True,2,7870,50337.19,,3146.07,16,32,floating point,45374,dynamic=true,2
run_6,dual,CG,2,False,1,94720,1513.33,12006,756.66,2,2,floating point,9578,dynamic=false,1
run_6,dual,CG,2,False,2,93280,1536.83,12465,768.41,2,2,floating point,9577,dynamic=false,2
run_6,dual,CG,4,False,1,52570,2726.85,6262,681.71,4,4,floating point,23967,dynamic=false,1
run_6,dual,CG,4,False,2,52120,2750.38,6299,687.6,4,4,floating point,23968,dynamic=false,2
run_6,dual,CG,8,False,1,30900,4638.91,3453,579.86,8,8,floating point,28769,dynamic=false,1
run_6,dual,CG,8,False,2,30840,4648.26,3639,581.03,8,8,floating point,28772,dynamic=false,2
run_6,dual,CG,16,False,1,16620,8626.55,1864,539.16,16,16,floating point,40739,dynamic=false,1
run_6,dual,CG,16,False,2,16450,8711.91,1842,544.49,16,16,floating point,40733,dynamic=false,2
run_6,dual,CG,32,False,1,12110,11834.05,1199,369.81,32,32,floating point,46246,dynamic=false,1
run_6,dual,CG,32,False,2,12000,11942.94,1207,373.22,32,32,floating point,46249,dynamic=false,2
run_6,dual,CG,2,True,1,87050,1646.71,11891,1646.71,1,2,floating point,9575,dynamic=true,1
run_6,dual,CG,2,True,2,82650,1734.35,13041,1734.35,1,2,floating point,9576,dynamic=true,2
run_6,dual,CG,4,True,1,42240,3393.87,6453,1696.93,2,4,floating point,23969,dynamic=true,1
run_6,dual,CG,4,True,2,42570,3367.25,6725,1683.62,2,4,floating point,23970,dynamic=true,2
run_6,dual,CG,8,True,1,24250,5912.33,3180,1478.08,4,8,floating point,28770,dynamic=true,1
run_6,dual,CG,8,True,2,21770,6585.77,3504,1646.44,4,8,floating point,28771,dynamic=true,2
run_6,dual,CG,16,True,1,11560,12401.3,2063,1550.16,8,16,floating point,40738,dynamic=true,1
run_6,dual,CG,16,True,2,11900,12041.38,2070,1505.17,8,16,floating point,40737,dynamic=true,2
run_6,dual,CG,32,True,1,7580,18905.17,1385,1181.57,16,32,floating point,46248,dynamic=true,1
run_6,dual,CG,32,True,2,7110,20157.75,1281,1259.86,16,32,floating point,46247,dynamic=true,2
run_6,dual,EP,2,False,1,55980,153.45,,76.73,2,2,Random numbers generated,9892,dynamic=false,1
run_6,dual,EP,2,False,2,56110,153.08,,76.54,2,2,Random numbers generated,9891,dynamic=false,2
run_6,dual,EP,4,False,1,28290,303.66,,75.92,4,4,Random numbers generated,24214,dynamic=false,1
run_6,dual,EP,4,False,2,28250,304.06,,76.02,4,4,Random numbers generated,24215,dynamic=false,2
run_6,dual,EP,8,False,1,14260,602.39,,75.3,8,8,Random numbers generated,28889,dynamic=false,1
run_6,dual,EP,8,False,2,14560,589.98,,73.75,8,8,Random numbers generated,28887,dynamic=false,2
run_6,dual,EP,16,False,1,7120,1205.78,,75.36,16,16,Random numbers generated,40998,dynamic=false,1
run_6,dual,EP,16,False,2,7220,1189.51,,74.34,16,16,Random numbers generated,41001,dynamic=false,2
run_6,dual,EP,32,False,1,3670,2341.8,,73.18,32,32,Random numbers generated,46428,dynamic=false,1
run_6,dual,EP,32,False,2,3630,2365.23,,73.91,32,32,Random numbers generated,46429,dynamic=false,2
run_6,dual,EP,2,True,1,70850,121.25,,121.25,1,2,Random numbers generated,9890,dynamic=true,1
run_6,dual,EP,2,True,2,41600,206.5,,103.25,2,2,Random numbers generated,9893,dynamic=true,2
run_6,dual,EP,4,True,1,35470,242.2,,121.1,2,4,Random numbers generated,24216,dynamic=true,1
run_6,dual,EP,4,True,2,21340,402.55,,100.64,4,4,Random numbers generated,24212,dynamic=true,2
run_6,dual,EP,8,True,1,18770,457.58,,114.39,4,8,Random numbers generated,28885,dynamic=true,1
run_6,dual,EP,8,True,2,11810,727.29,,90.91,8,8,Random numbers generated,28888,dynamic=true,2
run_6,dual,EP,16,True,1,9030,951.25,,118.91,8,16,Random numbers generated,41000,dynamic=true,1
run_6,dual,EP,16,True,2,6090,1411.3,,88.21,16,16,Random numbers generated,40999,dynamic=true,2
run_6,dual,EP,32,True,1,3180,2702.44,,84.45,32,32,Random numbers generated,46430,dynamic=true,1
run_6,dual,EP,32,True,2,4870,1763.06,,110.19,16,32,Random numbers generated,46431,dynamic=true,2
run_6,dual,FT,2,False,1,108250,3661.83,,1830.92,2,2,floating point,9316,dynamic=false,1
run_6,dual,FT,2,False,2,108090,3667.06,,1833.53,2,2,floating point,9315,dynamic=false,2
run_6,dual,FT,4,False,1,58010,6833.15,,1708.29,4,4,floating point,23864,dynamic=false,1
run_6,dual,FT,4,False,2,57570,6885.67,,1721.42,4,4,floating point,23863,dynamic=false,2
run_6,dual,FT,8,False,1,29880,13267.76,,1658.47,8,8,floating point,28608,dynamic=false,1
run_6,dual,FT,8,False,2,30030,13200.33,,1650.04,8,8,floating point,28607,dynamic=false,2
run_6,dual,FT,16,False,1,16150,24547.54,,1534.22,16,16,floating point,40624,dynamic=false,1
run_6,dual,FT,16,False,2,16140,24559.33,,1534.96,16,16,floating point,40623,dynamic=false,2
run_6,dual,FT,32,False,1,8930,44405.27,,1387.66,32,32,floating point,45919,dynamic=false,1
run_6,dual,FT,32,False,2,9070,43718.49,,1366.2,32,32,floating point,45921,dynamic=false,2
run_6,dual,FT,2,True,1,103650,3824.16,,3824.16,1,2,floating point,9313,dynamic=true,1
run_6,dual,FT,2,True,2,104020,3810.7,,3810.7,1,2,floating point,9314,dynamic=true,2
run_6,dual,FT,4,True,1,52370,7568.98,,3784.49,2,4,floating point,23865,dynamic=true,1
run_6,dual,FT,4,True,2,52520,7547.19,,3773.59,2,4,floating point,23867,dynamic=true,2
run_6,dual,FT,8,True,1,26760,14810.17,,3702.54,4,8,floating point,28606,dynamic=true,1
run_6,dual,FT,8,True,2,26710,14843.07,,3710.77,4,8,floating point,28609,dynamic=true,2
run_6,dual,FT,16,True,1,14130,28050.14,,3506.27,8,16,floating point,40621,dynamic=true,1
run_6,dual,FT,16,True,2,14100,28112.27,,3514.03,8,16,floating point,40622,dynamic=true,2
run_6,dual,FT,32,True,1,7720,51320.83,,3207.55,16,32,floating point,45920,dynamic=true,1
run_6,dual,FT,32,True,2,7690,51514.95,,3219.68,16,32,floating point,45918,dynamic=true,2
run_7,dual,CG,2,False,1,101010,1419.11,12574,709.55,2,2,floating point,10470,dynamic=false,1
run_7,dual,CG,2,False,2,97360,1472.4,12168,736.2,2,2,floating point,10467,dynamic=false,2
run_7,dual,CG,4,False,1,51520,2782.35,6421,695.59,4,4,floating point,24480,dynamic=false,1
run_7,dual,CG,4,False,2,51520,2782.16,6290,695.54,4,4,floating point,24476,dynamic=false,2
run_7,dual,CG,8,False,1,32640,4391.97,3330,549.0,8,8,floating point,29219,dynamic=false,1
run_7,dual,CG,8,False,2,32720,4381.65,3666,547.71,8,8,floating point,29218,dynamic=false,2
run_7,dual,CG,16,False,1,20090,7134.34,2078,445.9,16,16,floating point,41236,dynamic=false,1
run_7,dual,CG,16,False,2,20070,7141.27,1982,446.33,16,16,floating point,41235,dynamic=false,2
run_7,dual,CG,32,False,1,11320,12660.21,1268,395.63,32,32,floating point,46803,dynamic=false,1
run_7,dual,CG,32,False,2,11580,12373.74,1296,386.68,32,32,floating point,46802,dynamic=false,2
run_7,dual,CG,2,True,1,82350,1740.79,12783,1740.79,1,2,floating point,10469,dynamic=true,1
run_7,dual,CG,2,True,2,92460,1550.37,12159,775.19,2,2,floating point,10468,dynamic=true,2
run_7,dual,CG,4,True,1,43310,3310.1,6326,1655.05,2,4,floating point,24481,dynamic=true,1
run_7,dual,CG,4,True,2,47430,3022.33,6296,1511.17,2,4,floating point,24479,dynamic=true,2
run_7,dual,CG,8,True,1,22140,6475.95,3666,1618.99,4,8,floating point,29216,dynamic=true,1
run_7,dual,CG,8,True,2,23660,6059.11,3524,1514.78,4,8,floating point,29217,dynamic=true,2
run_7,dual,CG,16,True,1,11710,12240.86,1923,1530.11,8,16,floating point,41238,dynamic=true,1
run_7,dual,CG,16,True,2,11430,12536.52,2156,1567.06,8,16,floating point,41237,dynamic=true,2
run_7,dual,CG,32,True,1,7220,19863.0,1284,1241.44,16,32,floating point,46804,dynamic=true,1
run_7,dual,CG,32,True,2,7250,19761.69,1319,1235.11,16,32,floating point,46805,dynamic=true,2
run_7,dual,EP,2,False,1,56090,153.14,,76.57,2,2,Random numbers generated,10779,dynamic=false,1
run_7,dual,EP,2,False,2,56380,152.35,,76.18,2,2,Random numbers generated,10778,dynamic=false,2
run_7,dual,EP,4,False,1,28470,301.7,,75.43,4,4,Random numbers generated,24695,dynamic=false,1
run_7,dual,EP,4,False,2,28100,305.7,,76.42,4,4,Random numbers generated,24698,dynamic=false,2
run_7,dual,EP,8,False,1,14140,607.38,,75.92,8,8,Random numbers generated,29306,dynamic=false,1
run_7,dual,EP,8,False,2,14310,600.38,,75.05,8,8,Random numbers generated,29308,dynamic=false,2
run_7,dual,EP,16,False,1,7210,1192.21,,74.51,16,16,Random numbers generated,41432,dynamic=false,1
run_7,dual,EP,16,False,2,7250,1184.98,,74.06,16,16,Random numbers generated,41436,dynamic=false,2
run_7,dual,EP,32,False,1,3750,2290.67,,71.58,32,32,Random numbers generated,46990,dynamic=false,1
run_7,dual,EP,32,False,2,3830,2243.97,,70.12,32,32,Random numbers generated,46989,dynamic=false,2
run_7,dual,EP,2,True,1,44310,193.85,,96.92,2,2,Random numbers generated,10777,dynamic=true,1
run_7,dual,EP,2,True,2,68050,126.22,,126.22,1,2,Random numbers generated,10780,dynamic=true,2
run_7,dual,EP,4,True,1,36540,235.06,,117.53,2,4,Random numbers generated,24699,dynamic=true,1
run_7,dual,EP,4,True,2,20970,409.66,,102.41,4,4,Random numbers generated,24697,dynamic=true,2
run_7,dual,EP,8,True,1,19280,445.53,,111.38,4,8,Random numbers generated,29309,dynamic=true,1
run_7,dual,EP,8,True,2,11410,753.03,,94.13,8,8,Random numbers generated,29310,dynamic=true,2
run_7,dual,EP,16,True,1,6330,1357.14,,84.82,16,16,Random numbers generated,41435,dynamic=true,1
run_7,dual,EP,16,True,2,9720,883.64,,110.46,8,16,Random numbers generated,41437,dynamic=true,2
run_7,dual,EP,32,True,1,3180,2701.04,,84.41,32,32,Random numbers generated,46987,dynamic=true,1
run_7,dual,EP,32,True,2,4920,1746.39,,109.15,16,32,Random numbers generated,46988,dynamic=true,2
run_7,dual,FT,2,False,1,108860,3641.4,,1820.7,2,2,floating point,10206,dynamic=false,1
run_7,dual,FT,2,False,2,107730,3679.38,,1839.69,2,2,floating point,10209,dynamic=false,2
run_7,dual,FT,4,False,1,56990,6955.1,,1738.78,4,4,floating point,24366,dynamic=false,1
run_7,dual,FT,4,False,2,56780,6981.28,,1745.32,4,4,floating point,24365,dynamic=false,2
run_7,dual,FT,8,False,1,30060,13187.78,,1648.47,8,8,floating point,28983,dynamic=false,1
run_7,dual,FT,8,False,2,29890,13260.48,,1657.56,8,8,floating point,28980,dynamic=false,2
run_7,dual,FT,16,False,1,17050,23251.21,,1453.2,16,16,floating point,41122,dynamic=false,1
run_7,dual,FT,16,False,2,17020,23283.48,,1455.22,16,16,floating point,41123,dynamic=false,2
run_7,dual,FT,32,False,1,9160,43269.44,,1352.17,32,32,floating point,46628,dynamic=false,1
run_7,dual,FT,32,False,2,9160,43280.62,,1352.52,32,32,floating point,46627,dynamic=false,2
run_7,dual,FT,2,True,1,104920,3778.11,,3778.11,1,2,floating point,10208,dynamic=true,1
run_7,dual,FT,2,True,2,103590,3826.63,,3826.63,1,2,floating point,10207,dynamic=true,2
run_7,dual,FT,4,True,1,52500,7550.79,,3775.4,2,4,floating point,24368,dynamic=true,1
run_7,dual,FT,4,True,2,52640,7530.47,,3765.23,2,4,floating point,24364,dynamic=true,2
run_7,dual,FT,8,True,1,26270,15087.19,,3771.8,4,8,floating point,28982,dynamic=true,1
run_7,dual,FT,8,True,2,26720,14835.39,,3708.85,4,8,floating point,28981,dynamic=true,2
run_7,dual,FT,16,True,1,14060,28193.36,,3524.17,8,16,floating point,41120,dynamic=true,1
run_7,dual,FT,16,True,2,13480,29396.48,,3674.56,8,16,floating point,41121,dynamic=true,2
run_7,dual,FT,32,True,1,7700,51495.23,,3218.45,16,32,floating point,46625,dynamic=true,1
run_7,dual,FT,32,True,2,7610,52105.12,,3256.57,16,32,floating point,46626,dynamic=true,2
run_8,dual,CG,2,False,1,89860,1595.31,12302,797.66,2,2,floating point,19162,dynamic=false,1
run_8,dual,CG,2,False,2,91580,1565.27,12278,782.63,2,2,floating point,19166,dynamic=false,2
run_8,dual,CG,4,False,1,56790,2524.01,6257,631.0,4,4,floating point,25018,dynamic=false,1
run_8,dual,CG,4,False,2,54510,2629.56,6858,657.39,4,4,floating point,25016,dynamic=false,2
run_8,dual,CG,8,False,1,30420,4712.33,3330,589.04,8,8,floating point,29648,dynamic=false,1
run_8,dual,CG,8,False,2,29850,4802.39,3571,600.3,8,8,floating point,29651,dynamic=false,2
run_8,dual,CG,16,False,1,15890,9019.96,1956,563.75,16,16,floating point,41700,dynamic=false,1
run_8,dual,CG,16,False,2,16400,8738.36,1951,546.15,16,16,floating point,41701,dynamic=false,2
run_8,dual,CG,32,False,1,11310,12671.23,1198,395.98,32,32,floating point,47356,dynamic=false,1
run_8,dual,CG,32,False,2,11160,12840.32,1187,401.26,32,32,floating point,47359,dynamic=false,2
run_8,dual,CG,2,True,1,84780,1690.75,12105,1690.75,1,2,floating point,19163,dynamic=true,1
run_8,dual,CG,2,True,2,85940,1668.02,12502,1668.02,1,2,floating point,19164,dynamic=true,2
run_8,dual,CG,4,True,1,41940,3417.9,6846,1708.95,2,4,floating point,25017,dynamic=true,1
run_8,dual,CG,4,True,2,45350,3161.02,6162,1580.51,2,4,floating point,25015,dynamic=true,2
run_8,dual,CG,8,True,1,21920,6538.45,3506,1634.61,4,8,floating point,29649,dynamic=true,1
run_8,dual,CG,8,True,2,23310,6149.09,3504,1537.27,4,8,floating point,29650,dynamic=true,2
run_8,dual,CG,16,True,1,11220,12775.25,2039,1596.91,8,16,floating point,41702,dynamic=true,1
run_8,dual,CG,16,True,2,12940,11079.52,1941,1384.94,8,16,floating point,41699,dynamic=true,2
run_8,dual,CG,32,True,1,7520,19074.26,1438,1192.14,16,32,floating point,47358,dynamic=true,1
run_8,dual,CG,32,True,2,6980,20539.75,1300,1283.73,16,32,floating point,47357,dynamic=true,2
run_8,dual,EP,2,False,1,56130,153.03,,76.52,2,2,Random numbers generated,19489,dynamic=false,1
run_8,dual,EP,2,False,2,56140,153.02,,76.51,2,2,Random numbers generated,19491,dynamic=false,2
run_8,dual,EP,4,False,1,28260,303.91,,75.98,4,4,Random numbers generated,25190,dynamic=false,1
run_8,dual,EP,4,False,2,28440,302.07,,75.52,4,4,Random numbers generated,25192,dynamic=false,2
run_8,dual,EP,8,False,1,14280,601.33,,75.17,8,8,Random numbers generated,29762,dynamic=false,1
run_8,dual,EP,8,False,2,14380,597.45,,74.68,8,8,Random numbers generated,29761,dynamic=false,2
run_8,dual,EP,16,False,1,7310,1175.77,,73.49,16,16,Random numbers generated,41967,dynamic=false,1
run_8,dual,EP,16,False,2,7240,1187.1,,74.19,16,16,Random numbers generated,41966,dynamic=false,2
run_8,dual,EP,32,False,1,3680,2337.36,,73.04,32,32,Random numbers generated,47534,dynamic=false,1
run_8,dual,EP,32,False,2,3670,2337.93,,73.06,32,32,Random numbers generated,47535,dynamic=false,2
run_8,dual,EP,2,True,1,69000,124.49,,124.49,1,2,Random numbers generated,19490,dynamic=true,1
run_8,dual,EP,2,True,2,43050,199.52,,99.76,2,2,Random numbers generated,19492,dynamic=true,2
run_8,dual,EP,4,True,1,35620,241.17,,120.58,2,4,Random numbers generated,25188,dynamic=true,1
run_8,dual,EP,4,True,2,21900,392.25,,98.06,4,4,Random numbers generated,25191,dynamic=true,2
run_8,dual,EP,8,True,1,10520,816.7,,102.09,8,8,Random numbers generated,29760,dynamic=true,1
run_8,dual,EP,8,True,2,19070,450.51,,112.63,4,8,Random numbers generated,29759,dynamic=true,2
run_8,dual,EP,16,True,1,5810,1479.4,,92.46,16,16,Random numbers generated,41968,dynamic=true,1
run_8,dual,EP,16,True,2,9270,926.4,,115.8,8,16,Random numbers generated,41969,dynamic=true,2
run_8,dual,EP,32,True,1,4810,1784.88,,111.56,16,32,Random numbers generated,47532,dynamic=true,1
run_8,dual,EP,32,True,2,3220,2664.6,,83.27,32,32,Random numbers generated,47533,dynamic=true,2
run_8,dual,FT,2,False,1,108740,3645.16,,1822.58,2,2,floating point,10872,dynamic=false,1
run_8,dual,FT,2,False,2,108060,3668.09,,1834.05,2,2,floating point,10875,dynamic=false,2
run_8,dual,FT,4,False,1,57090,6943.71,,1735.93,4,4,floating point,24784,dynamic=false,1
run_8,dual,FT,4,False,2,56920,6964.24,,1741.06,4,4,floating point,24785,dynamic=false,2
run_8,dual,FT,8,False,1,29890,13262.38,,1657.8,8,8,floating point,29410,dynamic=false,1
run_8,dual,FT,8,False,2,29720,13336.14,,1667.02,8,8,floating point,29412,dynamic=false,2
run_8,dual,FT,16,False,1,15960,24832.94,,1552.06,16,16,floating point,41552,dynamic=false,1
run_8,dual,FT,16,False,2,15930,24888.22,,1555.51,16,16,floating point,41553,dynamic=false,2
run_8,dual,FT,32,False,1,9290,42689.31,,1334.04,32,32,floating point,47168,dynamic=false,1
run_8,dual,FT,32,False,2,9360,42356.06,,1323.63,32,32,floating point,47165,dynamic=false,2
run_8,dual,FT,2,True,1,103890,3815.35,,3815.35,1,2,floating point,10873,dynamic=true,1
run_8,dual,FT,2,True,2,104570,3790.51,,3790.51,1,2,floating point,10874,dynamic=true,2
run_8,dual,FT,4,True,1,53440,7417.76,,3708.88,2,4,floating point,24782,dynamic=true,1
run_8,dual,FT,4,True,2,52270,7583.95,,3791.97,2,4,floating point,24783,dynamic=true,2
run_8,dual,FT,8,True,1,26190,15135.22,,3783.8,4,8,floating point,29409,dynamic=true,1
run_8,dual,FT,8,True,2,26170,15147.63,,3786.91,4,8,floating point,29411,dynamic=true,2
run_8,dual,FT,16,True,1,13860,28605.35,,3575.67,8,16,floating point,41554,dynamic=true,1
run_8,dual,FT,16,True,2,13820,28680.56,,3585.07,8,16,floating point,41555,dynamic=true,2
run_8,dual,FT,32,True,1,7680,51635.51,,3227.22,16,32,floating point,47166,dynamic=true,1
run_8,dual,FT,32,True,2,7660,51753.01,,3234.56,16,32,floating point,47167,dynamic=true,2
run_9,dual,CG,2,False,1,97260,1473.92,12335,736.96,2,2,floating point,19994,dynamic=false,1
run_9,dual,CG,2,False,2,100790,1422.27,12481,711.14,2,2,floating point,19991,dynamic=false,2
run_9,dual,CG,4,False,1,52290,2741.57,6320,685.39,4,4,floating point,25532,dynamic=false,1
run_9,dual,CG,4,False,2,52330,2739.42,6521,684.86,4,4,floating point,25533,dynamic=false,2
run_9,dual,CG,8,False,1,30120,4759.48,3513,594.93,8,8,floating point,30014,dynamic=false,1
run_9,dual,CG,8,False,2,30970,4628.57,3579,578.57,8,8,floating point,30015,dynamic=false,2
run_9,dual,CG,16,False,1,17880,8017.92,1991,501.12,16,16,floating point,42220,dynamic=false,1
run_9,dual,CG,16,False,2,17670,8110.54,1927,506.91,16,16,floating point,42218,dynamic=false,2
run_9,dual,CG,32,False,1,11650,12304.42,1211,384.51,32,32,floating point,47996,dynamic=false,1
run_9,dual,CG,32,False,2,11700,12253.95,1200,382.94,32,32,floating point,47998,dynamic=false,2
run_9,dual,CG,2,True,1,83400,1718.81,12060,1718.81,1,2,floating point,19992,dynamic=true,1
run_9,dual,CG,2,True,2,89280,1605.57,13032,802.79,2,2,floating point,19993,dynamic=true,2
run_9,dual,CG,4,True,1,43400,3302.72,6059,1651.36,2,4,floating point,25536,dynamic=true,1
run_9,dual,CG,4,True,2,47820,2997.68,7011,749.42,4,4,floating point,25531,dynamic=true,2
run_9,dual,CG,8,True,1,22550,6357.03,3672,1589.26,4,8,floating point,30013,dynamic=true,1
run_9,dual,CG,8,True,2,21940,6532.3,3421,1633.08,4,8,floating point,30012,dynamic=true,2
run_9,dual,CG,16,True,1,12480,11489.21,1989,1436.15,8,16,floating point,42219,dynamic=true,1
run_9,dual,CG,16,True,2,11480,12487.29,2036,1560.91,8,16,floating point,42221,dynamic=true,2
run_9,dual,CG,32,True,1,7200,19913.9,1264,1244.62,16,32,floating point,47997,dynamic=true,1
run_9,dual,CG,32,True,2,7360,19476.35,1425,1217.27,16,32,floating point,47995,dynamic=true,2
run_9,dual,EP,2,False,1,56200,152.86,,76.43,2,2,Random numbers generated,20322,dynamic=false,1
run_9,dual,EP,2,False,2,56140,153.0,,76.5,2,2,Random numbers generated,20324,dynamic=false,2
run_9,dual,EP,4,False,1,28480,301.58,,75.4,4,4,Random numbers generated,25765,dynamic=false,1
run_9,dual,EP,4,False,2,28330,303.16,,75.79,4,4,Random numbers generated,25768,dynamic=false,2
run_9,dual,EP,8,False,1,14510,592.15,,74.02,8,8,Random numbers generated,30245,dynamic=false,1
run_9,dual,EP,8,False,2,14170,606.2,,75.77,8,8,Random numbers generated,30243,dynamic=false,2
run_9,dual,EP,16,False,1,7140,1203.83,,75.24,16,16,Random numbers generated,42342,dynamic=false,1
run_9,dual,EP,16,False,2,7150,1200.86,,75.05,16,16,Random numbers generated,42341,dynamic=false,2
run_9,dual,EP,32,False,1,3620,2370.07,,74.06,32,32,Random numbers generated,48286,dynamic=false,1
run_9,dual,EP,32,False,2,3590,2393.06,,74.78,32,32,Random numbers generated,48287,dynamic=false,2
run_9,dual,EP,2,True,1,69860,122.97,,122.97,1,2,Random numbers generated,20325,dynamic=true,1
run_9,dual,EP,2,True,2,42400,202.61,,101.3,2,2,Random numbers generated,20323,dynamic=true,2
run_9,dual,EP,4,True,1,23930,358.93,,89.73,4,4,Random numbers generated,25769,dynamic=true,1
run_9,dual,EP,4,True,2,33900,253.39,,126.69,2,4,Random numbers generated,25767,dynamic=true,2
run_9,dual,EP,8,True,1,18340,468.42,,117.11,4,8,Random numbers generated,30246,dynamic=true,1
run_9,dual,EP,8,True,2,11780,729.05,,91.13,8,8,Random numbers generated,30244,dynamic=true,2
run_9,dual,EP,16,True,1,6490,1323.17,,82.7,16,16,Random numbers generated,42343,dynamic=true,1
run_9,dual,EP,16,True,2,9560,898.53,,112.32,8,16,Random numbers generated,42344,dynamic=true,2
run_9,dual,EP,32,True,1,3220,2669.12,,83.41,32,32,Random numbers generated,48284,dynamic=true,1
run_9,dual,EP,32,True,2,4960,1730.32,,108.14,16,32,Random numbers generated,48285,dynamic=true,2
run_9,dual,FT,2,False,1,107260,3695.51,,1847.76,2,2,floating point,19716,dynamic=false,1
run_9,dual,FT,2,False,2,107340,3692.73,,1846.36,2,2,floating point,19715,dynamic=false,2
run_9,dual,FT,4,False,1,57090,6943.21,,1735.8,4,4,floating point,25421,dynamic=false,1
run_9,dual,FT,4,False,2,56820,6976.76,,1744.19,4,4,floating point,25420,dynamic=false,2
run_9,dual,FT,8,False,1,30240,13106.79,,1638.35,8,8,floating point,29844,dynamic=false,1
run_9,dual,FT,8,False,2,30340,13064.25,,1633.03,8,8,floating point,29846,dynamic=false,2
run_9,dual,FT,16,False,1,16410,24150.98,,1509.44,16,16,floating point,42082,dynamic=false,1
run_9,dual,FT,16,False,2,16080,24644.82,,1540.3,16,16,floating point,42085,dynamic=false,2
run_9,dual,FT,32,False,1,9120,43439.96,,1357.5,32,32,floating point,47723,dynamic=false,1
run_9,dual,FT,32,False,2,9090,43616.54,,1363.02,32,32,floating point,47724,dynamic=false,2
run_9,dual,FT,2,True,1,104070,3808.88,,3808.88,1,2,floating point,19714,dynamic=true,1
run_9,dual,FT,2,True,2,105180,3768.54,,3768.54,1,2,floating point,19712,dynamic=true,2
run_9,dual,FT,4,True,1,51900,7636.8,,3818.4,2,4,floating point,25424,dynamic=true,1
run_9,dual,FT,4,True,2,53580,7397.5,,3698.75,2,4,floating point,25422,dynamic=true,2
run_9,dual,FT,8,True,1,26670,14862.17,,3715.54,4,8,floating point,29847,dynamic=true,1
run_9,dual,FT,8,True,2,26450,14986.13,,3746.53,4,8,floating point,29845,dynamic=true,2
run_9,dual,FT,16,True,1,13740,28853.42,,3606.68,8,16,floating point,42084,dynamic=true,1
run_9,dual,FT,16,True,2,13810,28705.96,,3588.24,8,16,floating point,42083,dynamic=true,2
run_9,dual,FT,32,True,1,7580,52303.88,,3268.99,16,32,floating point,47722,dynamic=true,1
run_9,dual,FT,32,True,2,7610,52107.15,,3256.7,16,32,floating point,47725,dynamic=true,2
run_1,dual-exclusive,CG,2,False,1,46460,3085.13,6125,1542.56,2,2,floating point,164427,dynamic=false,1
run_1,dual-exclusive,CG,4,False,1,22710,6312.41,3108,1578.1,4,4,floating point,176491,dynamic=false,1
run_1,dual-exclusive,CG,8,False,1,11750,12195.74,1603,1524.47,8,8,floating point,178988,dynamic=false,1
run_1,dual-exclusive,CG,16,False,1,6340,22615.14,865,1413.45,16,16,floating point,181229,dynamic=false,1
run_1,dual-exclusive,CG,32,False,1,3810,37634.62,522,1176.08,32,32,floating point,183661,dynamic=false,1
run_1,dual-exclusive,CG,2,True,1,42460,3375.91,5892,1687.96,2,2,floating point,164428,dynamic=true,1
run_1,dual-exclusive,CG,4,True,1,22050,6500.82,3032,1625.2,4,4,floating point,176490,dynamic=true,1
run_1,dual-exclusive,CG,8,True,1,11110,12899.14,1576,1612.39,8,8,floating point,178987,dynamic=true,1
run_1,dual-exclusive,CG,16,True,1,5790,24737.88,863,1546.12,16,16,floating point,181230,dynamic=true,1
run_1,dual-exclusive,CG,32,True,1,3540,40526.41,515,1266.45,32,32,floating point,183662,dynamic=true,1
run_1,dual-exclusive,EP,2,False,1,28110,305.61,,152.8,2,2,Random numbers generated,164492,dynamic=false,1
run_1,dual-exclusive,EP,4,False,1,14020,612.8,,153.2,4,4,Random numbers generated,176537,dynamic=false,1
run_1,dual-exclusive,EP,8,False,1,7030,1222.33,,152.79,8,8,Random numbers generated,179162,dynamic=false,1
run_1,dual-exclusive,EP,16,False,1,3530,2435.8,,152.24,16,16,Random numbers generated,181436,dynamic=false,1
run_1,dual-exclusive,EP,32,False,1,1770,4860.93,,151.9,32,32,Random numbers generated,183752,dynamic=false,1
run_1,dual-exclusive,EP,2,True,1,28050,306.2,,153.1,2,2,Random numbers generated,164491,dynamic=true,1
run_1,dual-exclusive,EP,4,True,1,14090,609.49,,152.37,4,4,Random numbers generated,176538,dynamic=true,1
run_1,dual-exclusive,EP,8,True,1,7030,1221.22,,152.65,8,8,Random numbers generated,179161,dynamic=true,1
run_1,dual-exclusive,EP,16,True,1,3540,2429.6,,151.85,16,16,Random numbers generated,181437,dynamic=true,1
run_1,dual-exclusive,EP,32,True,1,1760,4877.18,,152.41,32,32,Random numbers generated,183753,dynamic=true,1
run_1,dual-exclusive,FT,2,False,1,53290,7437.66,,3718.83,2,2,floating point,164175,dynamic=false,1
run_1,dual-exclusive,FT,4,False,1,26570,14916.13,,3729.03,4,4,floating point,176376,dynamic=false,1
run_1,dual-exclusive,FT,8,False,1,13660,29018.25,,3627.28,8,8,floating point,178929,dynamic=false,1
run_1,dual-exclusive,FT,16,False,1,7100,55836.87,,3489.8,16,16,floating point,181160,dynamic=false,1
run_1,dual-exclusive,FT,32,False,1,4000,99177.93,,3099.31,32,32,floating point,183557,dynamic=false,1
run_1,dual-exclusive,FT,2,True,1,51790,7654.13,,3827.07,2,2,floating point,164174,dynamic=true,1
run_1,dual-exclusive,FT,4,True,1,26580,14915.62,,3728.9,4,4,floating point,176375,dynamic=true,1
run_1,dual-exclusive,FT,8,True,1,13960,28385.47,,3548.18,8,8,floating point,178928,dynamic=true,1
run_1,dual-exclusive,FT,16,True,1,7040,56282.17,,3517.64,16,16,floating point,181161,dynamic=true,1
run_1,dual-exclusive,FT,32,True,1,4010,98746.84,,3085.84,32,32,floating point,183556,dynamic=true,1
run_10,dual-exclusive,CG,2,False,1,47550,3014.51,6130,1507.25,2,2,floating point,176124,dynamic=false,1
run_10,dual-exclusive,CG,4,False,1,22420,6395.0,3105,1598.75,4,4,floating point,178834,dynamic=false,1
run_10,dual-exclusive,CG,8,False,1,11750,12204.51,1606,1525.56,8,8,floating point,181051,dynamic=false,1
run_10,dual-exclusive,CG,16,False,1,6880,20830.2,873,1301.89,16,16,floating point,183428,dynamic=false,1
run_10,dual-exclusive,CG,32,False,1,3920,36564.37,520,1142.64,32,32,floating point,186549,dynamic=false,1
run_10,dual-exclusive,CG,2,True,1,42250,3393.23,5886,1696.61,2,2,floating point,176123,dynamic=true,1
run_10,dual-exclusive,CG,4,True,1,21260,6743.18,3013,1685.8,4,4,floating point,178833,dynamic=true,1
run_10,dual-exclusive,CG,8,True,1,11690,12262.22,1579,1532.78,8,8,floating point,181050,dynamic=true,1
run_10,dual-exclusive,CG,16,True,1,5830,24594.46,859,1537.15,16,16,floating point,183427,dynamic=true,1
run_10,dual-exclusive,CG,32,True,1,3610,39695.43,521,1240.48,32,32,floating point,186548,dynamic=true,1
run_10,dual-exclusive,EP,2,False,1,28090,305.82,,152.91,2,2,Random numbers generated,176192,dynamic=false,1
run_10,dual-exclusive,EP,4,False,1,14010,613.04,,153.26,4,4,Random numbers generated,178883,dynamic=false,1
run_10,dual-exclusive,EP,8,False,1,7010,1225.3,,153.16,8,8,Random numbers generated,181107,dynamic=false,1
run_10,dual-exclusive,EP,16,False,1,3520,2440.88,,152.55,16,16,Random numbers generated,183487,dynamic=false,1
run_10,dual-exclusive,EP,32,False,1,1760,4877.88,,152.43,32,32,Random numbers generated,186653,dynamic=false,1
run_10,dual-exclusive,EP,2,True,1,28080,305.94,,152.97,2,2,Random numbers generated,176193,dynamic=true,1
run_10,dual-exclusive,EP,4,True,1,14030,612.29,,153.07,4,4,Random numbers generated,178882,dynamic=true,1
run_10,dual-exclusive,EP,8,True,1,7040,1220.78,,152.6,8,8,Random numbers generated,181106,dynamic=true,1
run_10,dual-exclusive,EP,16,True,1,3520,2438.63,,152.41,16,16,Random numbers generated,183486,dynamic=true,1
run_10,dual-exclusive,EP,32,True,1,1760,4876.82,,152.4,32,32,Random numbers generated,186652,dynamic=true,1
run_10,dual-exclusive,FT,2,False,1,52950,7485.88,,3742.94,2,2,floating point,175917,dynamic=false,1
run_10,dual-exclusive,FT,4,False,1,26610,14893.76,,3723.44,4,4,floating point,178771,dynamic=false,1
run_10,dual-exclusive,FT,8,False,1,13540,29278.97,,3659.87,8,8,floating point,180975,dynamic=false,1
run_10,dual-exclusive,FT,16,False,1,7080,56007.85,,3500.49,16,16,floating point,183363,dynamic=false,1
run_10,dual-exclusive,FT,32,False,1,4040,98009.39,,3062.79,32,32,floating point,186457,dynamic=false,1
run_10,dual-exclusive,FT,2,True,1,52780,7509.76,,3754.88,2,2,floating point,175916,dynamic=true,1
run_10,dual-exclusive,FT,4,True,1,26120,15174.23,,3793.56,4,4,floating point,178770,dynamic=true,1
run_10,dual-exclusive,FT,8,True,1,13500,29353.86,,3669.23,8,8,floating point,180974,dynamic=true,1
run_10,dual-exclusive,FT,16,True,1,7120,55697.73,,3481.11,16,16,floating point,183362,dynamic=true,1
run_10,dual-exclusive,FT,32,True,1,3980,99516.41,,3109.89,32,32,floating point,186456,dynamic=true,1
run_2,dual-exclusive,CG,2,False,1,44870,3194.68,6098,1597.34,2,2,floating point,164765,dynamic=false,1
run_2,dual-exclusive,CG,4,False,1,22500,6370.53,3106,1592.63,4,4,floating point,176771,dynamic=false,1
run_2,dual-exclusive,CG,8,False,1,12110,11836.51,1607,1479.56,8,8,floating point,179332,dynamic=false,1
run_2,dual-exclusive,CG,16,False,1,6400,22396.35,864,1399.77,16,16,floating point,181570,dynamic=false,1
run_2,dual-exclusive,CG,32,False,1,3760,38127.01,522,1191.47,32,32,floating point,183948,dynamic=false,1
run_2,dual-exclusive,CG,2,True,1,45860,3125.92,5929,1562.96,2,2,floating point,164764,dynamic=true,1
run_2,dual-exclusive,CG,4,True,1,20680,6931.24,3013,1732.81,4,4,floating point,176770,dynamic=true,1
run_2,dual-exclusive,CG,8,True,1,10860,13199.4,1574,1649.93,8,8,floating point,179331,dynamic=true,1
run_2,dual-exclusive,CG,16,True,1,6050,23704.83,860,1481.55,16,16,floating point,181571,dynamic=true,1
run_2,dual-exclusive,CG,32,True,1,3500,40899.35,519,1278.1,32,32,floating point,183947,dynamic=true,1
run_2,dual-exclusive,EP,2,False,1,28130,305.4,,152.7,2,2,Random numbers generated,164956,dynamic=false,1
run_2,dual-exclusive,EP,4,False,1,14020,612.75,,153.19,4,4,Random numbers generated,176820,dynamic=false,1
run_2,dual-exclusive,EP,8,False,1,7020,1223.58,,152.95,8,8,Random numbers generated,179375,dynamic=false,1
run_2,dual-exclusive,EP,16,False,1,3510,2445.97,,152.87,16,16,Random numbers generated,181631,dynamic=false,1
run_2,dual-exclusive,EP,32,False,1,1760,4869.53,,152.17,32,32,Random numbers generated,184039,dynamic=false,1
run_2,dual-exclusive,EP,2,True,1,28050,306.2,,153.1,2,2,Random numbers generated,164957,dynamic=true,1
run_2,dual-exclusive,EP,4,True,1,14010,613.24,,153.31,4,4,Random numbers generated,176821,dynamic=true,1
run_2,dual-exclusive,EP,8,True,1,7030,1222.7,,152.84,8,8,Random numbers generated,179374,dynamic=true,1
run_2,dual-exclusive,EP,16,True,1,3530,2432.36,,152.02,16,16,Random numbers generated,181630,dynamic=true,1
run_2,dual-exclusive,EP,32,True,1,1760,4869.43,,152.17,32,32,Random numbers generated,184038,dynamic=true,1
run_2,dual-exclusive,FT,2,False,1,53240,7444.83,,3722.41,2,2,floating point,164684,dynamic=false,1
run_2,dual-exclusive,FT,4,False,1,26700,14845.38,,3711.34,4,4,floating point,176591,dynamic=false,1
run_2,dual-exclusive,FT,8,False,1,13450,29470.18,,3683.77,8,8,floating point,179215,dynamic=false,1
run_2,dual-exclusive,FT,16,False,1,7220,54881.72,,3430.11,16,16,floating point,181497,dynamic=false,1
run_2,dual-exclusive,FT,32,False,1,4010,98758.85,,3086.21,32,32,floating point,183845,dynamic=false,1
run_2,dual-exclusive,FT,2,True,1,51930,7633.84,,3816.92,2,2,floating point,164685,dynamic=true,1
run_2,dual-exclusive,FT,4,True,1,26310,15063.99,,3766.0,4,4,floating point,176590,dynamic=true,1
run_2,dual-exclusive,FT,8,True,1,13490,29378.16,,3672.27,8,8,floating point,179214,dynamic=true,1
run_2,dual-exclusive,FT,16,True,1,6990,56679.76,,3542.48,16,16,floating point,181496,dynamic=true,1
run_2,dual-exclusive,FT,32,True,1,4000,99105.67,,3097.05,32,32,floating point,183846,dynamic=true,1
run_3,dual-exclusive,CG,2,False,1,44600,3214.05,6091,1607.02,2,2,floating point,165141,dynamic=false,1
run_3,dual-exclusive,CG,4,False,1,25550,5610.68,3149,1402.67,4,4,floating point,176925,dynamic=false,1
run_3,dual-exclusive,CG,8,False,1,13190,10867.72,1624,1358.47,8,8,floating point,179477,dynamic=false,1
run_3,dual-exclusive,CG,16,False,1,6310,22706.32,864,1419.14,16,16,floating point,181758,dynamic=false,1
run_3,dual-exclusive,CG,32,False,1,4250,33768.26,527,1055.26,32,32,floating point,184370,dynamic=false,1
run_3,dual-exclusive,CG,2,True,1,42090,3405.55,5884,1702.77,2,2,floating point,165142,dynamic=true,1
run_3,dual-exclusive,CG,4,True,1,21020,6818.55,3014,1704.64,4,4,floating point,176924,dynamic=true,1
run_3,dual-exclusive,CG,8,True,1,11070,12945.49,1578,1618.19,8,8,floating point,179478,dynamic=true,1
run_3,dual-exclusive,CG,16,True,1,6170,23230.48,861,1451.9,16,16,floating point,181759,dynamic=true,1
run_3,dual-exclusive,CG,32,True,1,3500,40922.79,515,1278.84,32,32,floating point,184369,dynamic=true,1
run_3,dual-exclusive,EP,2,False,1,28080,305.86,,152.93,2,2,Random numbers generated,165330,dynamic=false,1
run_3,dual-exclusive,EP,4,False,1,14010,613.15,,153.29,4,4,Random numbers generated,176970,dynamic=false,1
run_3,dual-exclusive,EP,8,False,1,7010,1225.06,,153.13,8,8,Random numbers generated,179536,dynamic=false,1
run_3,dual-exclusive,EP,16,False,1,3530,2436.21,,152.26,16,16,Random numbers generated,181815,dynamic=false,1
run_3,dual-exclusive,EP,32,False,1,1760,4868.43,,152.14,32,32,Random numbers generated,184476,dynamic=false,1
run_3,dual-exclusive,EP,2,True,1,28110,305.61,,152.81,2,2,Random numbers generated,165329,dynamic=true,1
run_3,dual-exclusive,EP,4,True,1,14010,613.19,,153.3,4,4,Random numbers generated,176969,dynamic=true,1
run_3,dual-exclusive,EP,8,True,1,7040,1220.57,,152.57,8,8,Random numbers generated,179534,dynamic=true,1
run_3,dual-exclusive,EP,16,True,1,3540,2427.69,,151.73,16,16,Random numbers generated,181817,dynamic=true,1
run_3,dual-exclusive,EP,32,True,1,1770,4863.32,,151.98,32,32,Random numbers generated,184477,dynamic=true,1
run_3,dual-exclusive,FT,2,False,1,53380,7425.45,,3712.73,2,2,floating point,165023,dynamic=false,1
run_3,dual-exclusive,FT,4,False,1,26560,14921.78,,3730.45,4,4,floating point,176867,dynamic=false,1
run_3,dual-exclusive,FT,8,False,1,13430,29512.27,,3689.03,8,8,floating point,179432,dynamic=false,1
run_3,dual-exclusive,FT,16,False,1,7090,55927.26,,3495.45,16,16,floating point,181692,dynamic=false,1
run_3,dual-exclusive,FT,32,False,1,4030,98391.95,,3074.75,32,32,floating point,184274,dynamic=false,1
run_3,dual-exclusive,FT,2,True,1,52690,7523.27,,3761.63,2,2,floating point,165024,dynamic=true,1
run_3,dual-exclusive,FT,4,True,1,26690,14854.14,,3713.53,4,4,floating point,176868,dynamic=true,1
run_3,dual-exclusive,FT,8,True,1,13640,29065.79,,3633.22,8,8,floating point,179430,dynamic=true,1
run_3,dual-exclusive,FT,16,True,1,7160,55390.61,,3461.91,16,16,floating point,181690,dynamic=true,1
run_3,dual-exclusive,FT,32,True,1,4020,98652.15,,3082.88,32,32,floating point,184273,dynamic=true,1
run_4,dual-exclusive,CG,2,False,1,43650,3283.84,6086,1641.92,2,2,floating point,165587,dynamic=false,1
run_4,dual-exclusive,CG,4,False,1,23090,6208.4,3118,1552.1,4,4,floating point,177221,dynamic=false,1
run_4,dual-exclusive,CG,8,False,1,12040,11908.34,1608,1488.54,8,8,floating point,179783,dynamic=false,1
run_4,dual-exclusive,CG,16,False,1,6900,20782.67,871,1298.92,16,16,floating point,181955,dynamic=false,1
run_4,dual-exclusive,CG,32,False,1,3890,36847.29,524,1151.48,32,32,floating point,184660,dynamic=false,1
run_4,dual-exclusive,CG,2,True,1,46270,3098.23,5944,1549.11,2,2,floating point,165586,dynamic=true,1
run_4,dual-exclusive,CG,4,True,1,20910,6856.06,3011,1714.02,4,4,floating point,177220,dynamic=true,1
run_4,dual-exclusive,CG,8,True,1,10980,13058.13,1571,1632.27,8,8,floating point,179782,dynamic=true,1
run_4,dual-exclusive,CG,16,True,1,5700,25150.4,852,1571.9,16,16,floating point,181954,dynamic=true,1
run_4,dual-exclusive,CG,32,True,1,3750,38182.67,522,1193.21,32,32,floating point,184659,dynamic=true,1
run_4,dual-exclusive,EP,2,False,1,28050,306.26,,153.13,2,2,Random numbers generated,165649,dynamic=false,1
run_4,dual-exclusive,EP,4,False,1,14040,611.62,,152.91,4,4,Random numbers generated,177328,dynamic=false,1
run_4,dual-exclusive,EP,8,False,1,7020,1223.58,,152.95,8,8,Random numbers generated,179841,dynamic=false,1
run_4,dual-exclusive,EP,16,False,1,3520,2437.63,,152.35,16,16,Random numbers generated,182015,dynamic=false,1
run_4,dual-exclusive,EP,32,False,1,2020,4257.22,,133.04,32,32,Random numbers generated,184756,dynamic=false,1
run_4,dual-exclusive,EP,2,True,1,27980,306.99,,153.49,2,2,Random numbers generated,165648,dynamic=true,1
run_4,dual-exclusive,EP,4,True,1,14010,613.22,,153.3,4,4,Random numbers generated,177327,dynamic=true,1
run_4,dual-exclusive,EP,8,True,1,7030,1221.63,,152.7,8,8,Random numbers generated,179840,dynamic=true,1
run_4,dual-exclusive,EP,16,True,1,6420,1338.05,,83.63,16,16,Random numbers generated,182014,dynamic=true,1
run_4,dual-exclusive,EP,32,True,1,1760,4867.04,,152.1,32,32,Random numbers generated,184757,dynamic=true,1
run_4,dual-exclusive,FT,2,False,1,53370,7427.8,,3713.9,2,2,floating point,165391,dynamic=false,1
run_4,dual-exclusive,FT,4,False,1,26480,14970.33,,3742.58,4,4,floating point,177169,dynamic=false,1
run_4,dual-exclusive,FT,8,False,1,13480,29397.25,,3674.66,8,8,floating point,179725,dynamic=false,1
run_4,dual-exclusive,FT,16,False,1,7140,55552.71,,3472.04,16,16,floating point,181879,dynamic=false,1
run_4,dual-exclusive,FT,32,False,1,4010,98941.34,,3091.92,32,32,floating point,184569,dynamic=false,1
run_4,dual-exclusive,FT,2,True,1,52300,7579.62,,3789.81,2,2,floating point,165392,dynamic=true,1
run_4,dual-exclusive,FT,4,True,1,26640,14881.36,,3720.34,4,4,floating point,177168,dynamic=true,1
run_4,dual-exclusive,FT,8,True,1,13520,29325.63,,3665.7,8,8,floating point,179724,dynamic=true,1
run_4,dual-exclusive,FT,16,True,1,7190,55107.91,,3444.24,16,16,floating point,181878,dynamic=true,1
run_4,dual-exclusive,FT,32,True,1,4020,98499.48,,3078.11,32,32,floating point,184568,dynamic=true,1
run_5,dual-exclusive,CG,2,False,1,45110,3177.44,6099,1588.72,2,2,floating point,174297,dynamic=false,1
run_5,dual-exclusive,CG,4,False,1,23560,6085.35,3116,1521.34,4,4,floating point,177558,dynamic=false,1
run_5,dual-exclusive,CG,8,False,1,11490,12473.86,1596,1559.23,8,8,floating point,179937,dynamic=false,1
run_5,dual-exclusive,CG,16,False,1,6700,21400.54,868,1337.53,16,16,floating point,182274,dynamic=false,1
run_5,dual-exclusive,CG,32,False,1,3770,37981.68,516,1186.93,32,32,floating point,184938,dynamic=false,1
run_5,dual-exclusive,CG,2,True,1,46350,3092.95,5942,1546.48,2,2,floating point,174296,dynamic=true,1
run_5,dual-exclusive,CG,4,True,1,22910,6256.5,3040,1564.12,4,4,floating point,177557,dynamic=true,1
run_5,dual-exclusive,CG,8,True,1,10760,13321.52,1568,1665.19,8,8,floating point,179936,dynamic=true,1
run_5,dual-exclusive,CG,16,True,1,6480,22131.08,868,1383.19,16,16,floating point,182273,dynamic=true,1
run_5,dual-exclusive,CG,32,True,1,3500,40995.39,514,1281.11,32,32,floating point,184939,dynamic=true,1
run_5,dual-exclusive,EP,2,False,1,28040,306.34,,153.17,2,2,Random numbers generated,174360,dynamic=false,1
run_5,dual-exclusive,EP,4,False,1,14040,611.9,,152.98,4,4,Random numbers generated,177629,dynamic=false,1
run_5,dual-exclusive,EP,8,False,1,7030,1221.63,,152.7,8,8,Random numbers generated,179984,dynamic=false,1
run_5,dual-exclusive,EP,16,False,1,3520,2440.0,,152.5,16,16,Random numbers generated,182333,dynamic=false,1
run_5,dual-exclusive,EP,32,False,1,1900,4529.01,,141.53,32,32,Random numbers generated,185087,dynamic=false,1
run_5,dual-exclusive,EP,2,True,1,28060,306.08,,153.04,2,2,Random numbers generated,174359,dynamic=true,1
run_5,dual-exclusive,EP,4,True,1,14110,608.62,,152.16,4,4,Random numbers generated,177628,dynamic=true,1
run_5,dual-exclusive,EP,8,True,1,7030,1222.18,,152.77,8,8,Random numbers generated,179983,dynamic=true,1
run_5,dual-exclusive,EP,16,True,1,3530,2432.8,,152.05,16,16,Random numbers generated,182332,dynamic=true,1
run_5,dual-exclusive,EP,32,True,1,1770,4862.24,,151.94,32,32,Random numbers generated,185088,dynamic=true,1
run_5,dual-exclusive,FT,2,False,1,53440,7418.06,,3709.03,2,2,floating point,166588,dynamic=false,1
run_5,dual-exclusive,FT,4,False,1,26510,14952.55,,3738.14,4,4,floating point,177365,dynamic=false,1
run_5,dual-exclusive,FT,8,False,1,13670,28994.82,,3624.35,8,8,floating point,179886,dynamic=false,1
run_5,dual-exclusive,FT,16,False,1,7150,55429.72,,3464.36,16,16,floating point,182082,dynamic=false,1
run_5,dual-exclusive,FT,32,False,1,4020,98641.28,,3082.54,32,32,floating point,184850,dynamic=false,1
run_5,dual-exclusive,FT,2,True,1,52420,7561.16,,3780.58,2,2,floating point,166589,dynamic=true,1
run_5,dual-exclusive,FT,4,True,1,26160,15149.56,,3787.39,4,4,floating point,177366,dynamic=true,1
run_5,dual-exclusive,FT,8,True,1,13320,29759.09,,3719.89,8,8,floating point,179885,dynamic=true,1
run_5,dual-exclusive,FT,16,True,1,7020,56482.75,,3530.17,16,16,floating point,182081,dynamic=true,1
run_5,dual-exclusive,FT,32,True,1,4070,97277.83,,3039.93,32,32,floating point,184849,dynamic=true,1
run_6,dual-exclusive,CG,2,False,1,46130,3107.17,6120,1553.59,2,2,floating point,174607,dynamic=false,1
run_6,dual-exclusive,CG,4,False,1,22980,6238.21,3113,1559.55,4,4,floating point,177721,dynamic=false,1
run_6,dual-exclusive,CG,8,False,1,11540,12420.24,1600,1552.53,8,8,floating point,180090,dynamic=false,1
run_6,dual-exclusive,CG,16,False,1,6270,22869.74,863,1429.36,16,16,floating point,182521,dynamic=false,1
run_6,dual-exclusive,CG,32,False,1,3850,37204.92,520,1162.65,32,32,floating point,185283,dynamic=false,1
run_6,dual-exclusive,CG,2,True,1,41440,3459.3,5878,1729.65,2,2,floating point,174606,dynamic=true,1
run_6,dual-exclusive,CG,4,True,1,22570,6349.92,3036,1587.48,4,4,floating point,177720,dynamic=true,1
run_6,dual-exclusive,CG,8,True,1,11990,11951.07,1590,1493.88,8,8,floating point,180089,dynamic=true,1
run_6,dual-exclusive,CG,16,True,1,6290,22786.95,863,1424.18,16,16,floating point,182520,dynamic=true,1
run_6,dual-exclusive,CG,32,True,1,3690,38802.97,517,1212.59,32,32,floating point,185284,dynamic=true,1
run_6,dual-exclusive,EP,2,False,1,28020,306.59,,153.29,2,2,Random numbers generated,174665,dynamic=false,1
run_6,dual-exclusive,EP,4,False,1,14040,611.93,,152.98,4,4,Random numbers generated,177770,dynamic=false,1
run_6,dual-exclusive,EP,8,False,1,7030,1222.59,,152.82,8,8,Random numbers generated,180272,dynamic=false,1
run_6,dual-exclusive,EP,16,False,1,3530,2433.09,,152.07,16,16,Random numbers generated,182594,dynamic=false,1
run_6,dual-exclusive,EP,32,False,1,1760,4867.67,,152.11,32,32,Random numbers generated,185375,dynamic=false,1
run_6,dual-exclusive,EP,2,True,1,27970,307.07,,153.54,2,2,Random numbers generated,174666,dynamic=true,1
run_6,dual-exclusive,EP,4,True,1,14010,613.28,,153.32,4,4,Random numbers generated,177769,dynamic=true,1
run_6,dual-exclusive,EP,8,True,1,7010,1225.37,,153.17,8,8,Random numbers generated,180271,dynamic=true,1
run_6,dual-exclusive,EP,16,True,1,3520,2443.62,,152.73,16,16,Random numbers generated,182592,dynamic=true,1
run_6,dual-exclusive,EP,32,True,1,1760,4869.57,,152.17,32,32,Random numbers generated,185374,dynamic=true,1
run_6,dual-exclusive,FT,2,False,1,52830,7502.73,,3751.37,2,2,floating point,174410,dynamic=false,1
run_6,dual-exclusive,FT,4,False,1,27120,14614.87,,3653.72,4,4,floating point,177665,dynamic=false,1
run_6,dual-exclusive,FT,8,False,1,13590,29164.4,,3645.55,8,8,floating point,180044,dynamic=false,1
run_6,dual-exclusive,FT,16,False,1,7070,56056.7,,3503.54,16,16,floating point,182464,dynamic=false,1
run_6,dual-exclusive,FT,32,False,1,4100,96731.69,,3022.87,32,32,floating point,185193,dynamic=false,1
run_6,dual-exclusive,FT,2,True,1,51830,7648.35,,3824.18,2,2,floating point,174409,dynamic=true,1
run_6,dual-exclusive,FT,4,True,1,26320,15060.05,,3765.01,4,4,floating point,177666,dynamic=true,1
run_6,dual-exclusive,FT,8,True,1,13340,29715.65,,3714.46,8,8,floating point,180045,dynamic=true,1
run_6,dual-exclusive,FT,16,True,1,7160,55366.28,,3460.39,16,16,floating point,182463,dynamic=true,1
run_6,dual-exclusive,FT,32,True,1,4020,98560.93,,3080.03,32,32,floating point,185192,dynamic=true,1
run_7,dual-exclusive,CG,2,False,1,50500,2838.44,6173,1419.22,2,2,floating point,174961,dynamic=false,1
run_7,dual-exclusive,CG,4,False,1,23240,6166.87,3119,1541.72,4,4,floating point,177998,dynamic=false,1
run_7,dual-exclusive,CG,8,False,1,12880,11133.2,1624,1391.65,8,8,floating point,180376,dynamic=false,1
run_7,dual-exclusive,CG,16,False,1,6220,23036.33,862,1439.77,16,16,floating point,182714,dynamic=false,1
run_7,dual-exclusive,CG,32,False,1,3820,37482.36,520,1171.32,32,32,floating point,185564,dynamic=false,1
run_7,dual-exclusive,CG,2,True,1,44060,3253.72,5906,1626.86,2,2,floating point,174960,dynamic=true,1
run_7,dual-exclusive,CG,4,True,1,23300,6152.66,3050,1538.16,4,4,floating point,177997,dynamic=true,1
run_7,dual-exclusive,CG,8,True,1,11080,12933.45,1575,1616.68,8,8,floating point,180375,dynamic=true,1
run_7,dual-exclusive,CG,16,True,1,5940,24121.34,860,1507.58,16,16,floating point,182712,dynamic=true,1
run_7,dual-exclusive,CG,32,True,1,3680,38977.36,520,1218.04,32,32,floating point,185565,dynamic=true,1
run_7,dual-exclusive,EP,2,False,1,28010,306.68,,153.34,2,2,Random numbers generated,175191,dynamic=false,1
run_7,dual-exclusive,EP,4,False,1,14040,612.01,,153.0,4,4,Random numbers generated,178055,dynamic=false,1
run_7,dual-exclusive,EP,8,False,1,7020,1223.47,,152.93,8,8,Random numbers generated,180432,dynamic=false,1
run_7,dual-exclusive,EP,16,False,1,3520,2437.44,,152.34,16,16,Random numbers generated,182786,dynamic=false,1
run_7,dual-exclusive,EP,32,False,1,1760,4871.35,,152.23,32,32,Random numbers generated,185654,dynamic=false,1
run_7,dual-exclusive,EP,2,True,1,28000,306.79,,153.4,2,2,Random numbers generated,175190,dynamic=true,1
run_7,dual-exclusive,EP,4,True,1,14000,613.44,,153.36,4,4,Random numbers generated,178056,dynamic=true,1
run_7,dual-exclusive,EP,8,True,1,7040,1220.51,,152.56,8,8,Random numbers generated,180433,dynamic=true,1
run_7,dual-exclusive,EP,16,True,1,3530,2435.28,,152.2,16,16,Random numbers generated,182785,dynamic=true,1
run_7,dual-exclusive,EP,32,True,1,1760,4876.89,,152.4,32,32,Random numbers generated,185653,dynamic=true,1
run_7,dual-exclusive,FT,2,False,1,53320,7433.66,,3716.83,2,2,floating point,174848,dynamic=false,1
run_7,dual-exclusive,FT,4,False,1,26450,14984.49,,3746.12,4,4,floating point,177952,dynamic=false,1
run_7,dual-exclusive,FT,8,False,1,13770,28791.95,,3598.99,8,8,floating point,180318,dynamic=false,1
run_7,dual-exclusive,FT,16,False,1,7090,55942.59,,3496.41,16,16,floating point,182655,dynamic=false,1
run_7,dual-exclusive,FT,32,False,1,4010,98881.93,,3090.06,32,32,floating point,185472,dynamic=false,1
run_7,dual-exclusive,FT,2,True,1,52310,7577.04,,3788.52,2,2,floating point,174849,dynamic=true,1
run_7,dual-exclusive,FT,4,True,1,27410,14459.43,,3614.86,4,4,floating point,177950,dynamic=true,1
run_7,dual-exclusive,FT,8,True,1,13520,29318.32,,3664.79,8,8,floating point,180317,dynamic=true,1
run_7,dual-exclusive,FT,16,True,1,7260,54625.57,,3414.1,16,16,floating point,182654,dynamic=true,1
run_7,dual-exclusive,FT,32,True,1,4020,98572.54,,3080.39,32,32,floating point,185474,dynamic=true,1
run_8,dual-exclusive,CG,2,False,1,46390,3090.06,6120,1545.03,2,2,floating point,175307,dynamic=false,1
run_8,dual-exclusive,CG,4,False,1,23020,6228.42,3112,1557.11,4,4,floating point,178394,dynamic=false,1
run_8,dual-exclusive,CG,8,False,1,11670,12287.25,1599,1535.91,8,8,floating point,180591,dynamic=false,1
run_8,dual-exclusive,CG,16,False,1,6420,22318.25,868,1394.89,16,16,floating point,182905,dynamic=false,1
run_8,dual-exclusive,CG,32,False,1,4000,35855.3,525,1120.48,32,32,floating point,185986,dynamic=false,1
run_8,dual-exclusive,CG,2,True,1,41360,3465.72,5879,1732.86,2,2,floating point,175306,dynamic=true,1
run_8,dual-exclusive,CG,4,True,1,21030,6816.92,3017,1704.23,4,4,floating point,178393,dynamic=true,1
run_8,dual-exclusive,CG,8,True,1,11560,12397.08,1584,1549.63,8,8,floating point,180590,dynamic=true,1
run_8,dual-exclusive,CG,16,True,1,5820,24624.13,857,1539.01,16,16,floating point,182904,dynamic=true,1
run_8,dual-exclusive,CG,32,True,1,3650,39318.8,518,1228.71,32,32,floating point,185987,dynamic=true,1
run_8,dual-exclusive,EP,2,False,1,27970,307.16,,153.58,2,2,Random numbers generated,175501,dynamic=false,1
run_8,dual-exclusive,EP,4,False,1,14010,613.05,,153.26,4,4,Random numbers generated,178445,dynamic=false,1
run_8,dual-exclusive,EP,8,False,1,7040,1220.89,,152.61,8,8,Random numbers generated,180637,dynamic=false,1
run_8,dual-exclusive,EP,16,False,1,3520,2439.5,,152.47,16,16,Random numbers generated,182971,dynamic=false,1
run_8,dual-exclusive,EP,32,False,1,1770,4864.88,,152.03,32,32,Random numbers generated,186076,dynamic=false,1
run_8,dual-exclusive,EP,2,True,1,28180,304.8,,152.4,2,2,Random numbers generated,175500,dynamic=true,1
run_8,dual-exclusive,EP,4,True,1,14030,612.45,,153.11,4,4,Random numbers generated,178446,dynamic=true,1
run_8,dual-exclusive,EP,8,True,1,7020,1223.61,,152.95,8,8,Random numbers generated,180636,dynamic=true,1
run_8,dual-exclusive,EP,16,True,1,3520,2443.77,,152.74,16,16,Random numbers generated,182972,dynamic=true,1
run_8,dual-exclusive,EP,32,True,1,1770,4856.01,,151.75,32,32,Random numbers generated,186075,dynamic=true,1
run_8,dual-exclusive,FT,2,False,1,52690,7523.22,,3761.61,2,2,floating point,175240,dynamic=false,1
run_8,dual-exclusive,FT,4,False,1,26470,14976.6,,3744.15,4,4,floating point,178104,dynamic=false,1
run_8,dual-exclusive,FT,8,False,1,13430,29518.91,,3689.86,8,8,floating point,180483,dynamic=false,1
run_8,dual-exclusive,FT,16,False,1,7230,54810.82,,3425.68,16,16,floating point,182845,dynamic=false,1
run_8,dual-exclusive,FT,32,False,1,4010,98848.17,,3089.01,32,32,floating point,185879,dynamic=false,1
run_8,dual-exclusive,FT,2,True,1,52220,7590.36,,3795.18,2,2,floating point,175241,dynamic=true,1
run_8,dual-exclusive,FT,4,True,1,26100,15185.45,,3796.36,4,4,floating point,178103,dynamic=true,1
run_8,dual-exclusive,FT,8,True,1,13210,30009.42,,3751.18,8,8,floating point,180482,dynamic=true,1
run_8,dual-exclusive,FT,16,True,1,7050,56217.14,,3513.57,16,16,floating point,182844,dynamic=true,1
run_8,dual-exclusive,FT,32,True,1,4050,97847.07,,3057.72,32,32,floating point,185880,dynamic=true,1
run_9,dual-exclusive,CG,2,False,1,45360,3159.93,6107,1579.97,2,2,floating point,175803,dynamic=false,1
run_9,dual-exclusive,CG,4,False,1,23420,6121.81,3119,1530.45,4,4,floating point,178547,dynamic=false,1
run_9,dual-exclusive,CG,8,False,1,12480,11489.15,1612,1436.14,8,8,floating point,180865,dynamic=false,1
run_9,dual-exclusive,CG,16,False,1,6610,21680.87,867,1355.05,16,16,floating point,183242,dynamic=false,1
run_9,dual-exclusive,CG,32,False,1,4130,34749.85,525,1085.93,32,32,floating point,186271,dynamic=false,1
run_9,dual-exclusive,CG,2,True,1,41330,3468.35,5880,1734.17,2,2,floating point,175802,dynamic=true,1
run_9,dual-exclusive,CG,4,True,1,20870,6867.7,3008,1716.92,4,4,floating point,178548,dynamic=true,1
run_9,dual-exclusive,CG,8,True,1,10670,13432.17,1567,1679.02,8,8,floating point,180864,dynamic=true,1
run_9,dual-exclusive,CG,16,True,1,6080,23595.22,861,1474.7,16,16,floating point,183241,dynamic=true,1
run_9,dual-exclusive,CG,32,True,1,3510,40825.1,515,1275.78,32,32,floating point,186270,dynamic=true,1
run_9,dual-exclusive,EP,2,False,1,28020,306.51,,153.26,2,2,Random numbers generated,175862,dynamic=false,1
run_9,dual-exclusive,EP,4,False,1,14010,613.04,,153.26,4,4,Random numbers generated,178602,dynamic=false,1
run_9,dual-exclusive,EP,8,False,1,7020,1223.98,,153.0,8,8,Random numbers generated,180929,dynamic=false,1
run_9,dual-exclusive,EP,16,False,1,3530,2436.37,,152.27,16,16,Random numbers generated,183301,dynamic=false,1
run_9,dual-exclusive,EP,32,False,1,1770,4861.93,,151.94,32,32,Random numbers generated,186365,dynamic=false,1
run_9,dual-exclusive,EP,2,True,1,28040,306.36,,153.18,2,2,Random numbers generated,175863,dynamic=true,1
run_9,dual-exclusive,EP,4,True,1,14000,613.35,,153.34,4,4,Random numbers generated,178601,dynamic=true,1
run_9,dual-exclusive,EP,8,True,1,7030,1222.42,,152.8,8,8,Random numbers generated,180928,dynamic=true,1
run_9,dual-exclusive,EP,16,True,1,3530,2434.83,,152.18,16,16,Random numbers generated,183300,dynamic=true,1
run_9,dual-exclusive,EP,32,True,1,1810,4740.21,,148.13,32,32,Random numbers generated,186364,dynamic=true,1
run_9,dual-exclusive,FT,2,False,1,53260,7442.47,,3721.23,2,2,floating point,175550,dynamic=false,1
run_9,dual-exclusive,FT,4,False,1,26810,14787.47,,3696.87,4,4,floating point,178499,dynamic=false,1
run_9,dual-exclusive,FT,8,False,1,13590,29168.52,,3646.06,8,8,floating point,180820,dynamic=false,1
run_9,dual-exclusive,FT,16,False,1,7320,54151.99,,3384.5,16,16,floating point,183163,dynamic=false,1
run_9,dual-exclusive,FT,32,False,1,4020,98708.95,,3084.65,32,32,floating point,186169,dynamic=false,1
run_9,dual-exclusive,FT,2,True,1,51770,7656.98,,3828.49,2,2,floating point,175549,dynamic=true,1
run_9,dual-exclusive,FT,4,True,1,26340,15048.04,,3762.01,4,4,floating point,178500,dynamic=true,1
run_9,dual-exclusive,FT,8,True,1,13400,29575.63,,3696.95,8,8,floating point,180819,dynamic=true,1
run_9,dual-exclusive,FT,16,True,1,7080,56009.65,,3500.6,16,16,floating point,183162,dynamic=true,1
run_9,dual-exclusive,FT,32,True,1,4020,98552.03,,3079.75,32,32,floating point,186168,dynamic=true,1
